"TOTAL_REVENUE","INSTR_TOTAL_EXP_RATIO","MEDIAN_INCOME","ALL_STUDENT_TEACHER_RATIO","avg_att_rate","povrate","wic_total","health_rank","pop_govhealthins","anti_education","party_state","policy_mood","innovatescore","pollib_median","AVG_ALL_SCORES","grad_rate"
15.79630446,0.960053301415229,11.17224001,15.69279423,96.612,15,120377,44,1262.55,0.056625858,-0.018382354,39.84500122,0.062289,-1.88472,238.5595961,65
15.86259745,0.958431160519049,11.05039425,14.15164554,96.284,16.7,118751,45,1491.08,0.056647914,-0.065217391,36.55199814,0.043887,-1.77276,242.0200316,66.2
15.98473242,0.957637326166393,11.05792905,13.24744362,98.4173,14.5,126280,45,1363.21,0.060713303,0.008733625,37.65499878,0.052396,-1.88637,244.1377659,69
15.96751794,0.955669330023772,10.93569799,15.59387678,93.2325,16.6,140810,48,1599.87,0.064506172,-0.0989011,36.02799988,0.003817,-1.80256,245.0844001,74.6
15.9457454,0.958838792374148,10.90362692,15.30596452,96.1264,15.4,143768,48,1742.16,0.078954744,-0.033898305,38.05799961,0.04059725,-1.78876,244.5098644,75
15.88636254,0.956545849343983,10.80438558,14.35383392,96.1264,16.7,139001,46,1758.364111,0.083652248,-0.114886559,38.05799961,0.04059725,-2.00831,247.5413232,86.3
15.89133562,0.957540156540164,10.84135434,17.41272566,96.1264,16.4,132133,46,1856.188444,0.090363675,-0.132398892,38.05799961,0.04059725,-1.902693333,245.9004648,87.1
14.50324183,0.948975566920261,11.50255462,16.62920792,91.3449,9.6,25512,33,208.135,0.069407073,0,37.32400131,0.030943,0.465184,248.0840746,67.2
14.55918771,0.948987581266043,11.45882735,17.14414647,91.5386,10,26840,30,217.474,0.068828339,-0.176470593,42.26100159,0.038943,0.384034,248.1023678,66.5
14.61713656,0.949798249836231,11.4582425,16.77945084,91.4927,7.6,25205,32,197.767,0.069662447,0.052631579,44.35400009,0.109617,0.192819,250.3064047,69.1
14.76496024,0.949427958338003,11.36805199,16.48315882,91.2328,11.7,25816,34,226.78,0.073437207,-0.083333336,44.31499863,0.007663,0.088321,246.8735443,69.8
14.80515649,0.952914309518288,11.2025977,16.16813371,91.38531429,11.7,26295,29,242.78,0.097983193,-0.349999994,41.44637537,0.0467915,0.057622,248.7747865,70
14.84681389,0.953038502420747,11.19468824,17.11610506,91.38531429,10.9,23055,31,236.9312667,0.102434651,-0.185914992,41.44637537,0.0467915,0.091995,248.9580571,71.1
14.96716676,0.953758286201955,11.36464252,16.90612805,91.38531429,11.7,19682,31,244.4881333,0.111062233,-0.221157454,41.44637537,0.0467915,-0.107037985,247.0920587,76.1
16.02479568,0.950377518024838,11.27205446,19.90944991,86.8411,13.5,156353,26,1643.3,0.060063936,-0.20869565,46.18299866,0.004571,-0.582776,244.1926287,66.8
16.11090922,0.954247589338023,11.24751989,21.32007765,85.3086,15.2,177538,25,1837.45,0.057575819,-0.101694912,50.73199844,0.184766,-0.724351,244.0490695,70.5
16.19513533,0.951604492743749,11.1699195,20.29926841,89.539,14.3,186470,29,1932.14,0.060892416,-0.059490085,51.10300064,0.22118,-0.500492,242.9514329,70.7
16.17036646,0.950666574486069,11.07027882,19.88841963,89.8809,21.2,208873,27,2211.74,0.065836845,-0.028653296,50.59500122,0.022222,-0.827283,246.1199216,74.9
16.07911584,0.952035263263631,11.03607965,21.42190123,88.83554286,17.2,199343,27,2223.02,0.089769109,-0.102564104,48.96937466,0.10818475,-0.740753,249.3880802,76
16.0124112,0.956908909209324,11.00555669,22.29310025,88.83554286,20.2,182501,27,2407.998556,0.094993038,0.008459622,48.96937466,0.10818475,-0.978231,247.6472873,75.7
16.00309314,0.954890011831433,11.00167265,23.10040545,88.83554286,21.6,167072,27,2554.892889,0.104337373,0.038273239,48.96937466,0.10818475,-0.923633848,249.0399,79.5
15.32437174,0.960444310804638,11.02023785,14.86927135,93.6302,17.8,85607,46,915.851,0.059900831,0.186528504,40.70800018,0.002903,-1.70554,243.2625086,76.8
15.47018673,0.958938418110157,11.0370446,14.82727156,91.7909,13.8,88463,47,875.863,0.064399577,0.157480314,34.79299927,0.093463,-1.81364,244.8129742,80.4
15.51423774,0.954140077501858,11.02377043,13.57716093,91.7187,13.8,84457,47,933.259,0.065262305,0.022988506,35.72999954,0.071675,-1.60263,248.6027458,76.4
15.55413486,0.953231580411825,10.845676,12.88856897,90.6603,18.9,94107,40,1016.06,0.08039884,-0.011111111,34.76300049,0.003891,-1.67347,249.8151008,81
15.59151812,0.949283731716526,10.87292149,14.06695689,92.02074286,18.7,4,47,1141.19,0.106714401,0.084507041,36.15312481,0.042983,-1.79645,247.9585791,84
15.53549395,0.95378756943271,10.76842819,14.24367928,92.02074286,17.1,89777,46,1130.505589,0.112186873,0.02180378,36.15312481,0.042983,-1.9451,249.3963256,86.9
15.56457838,0.954158032017734,10.802165,13.85595387,92.02074286,18.7,84220,46,1186.511822,0.124577485,-0.00668669,36.15312481,0.042983,-1.896142576,247.7817785,87
18.23967573,0.961417358182419,11.45237721,20.64460756,99.5481,13.1,1274489,18,9332.85,0.075930477,0.12334802,42.7840004,0.011628,2.8136,238.8025748,73.9
18.2192487,0.958627872802329,11.38194681,21.05297269,98.634,13.2,1309413,18,9670.18,0.074322847,0.085324235,45.13299942,0,2.59453,242.4054056,69.2
18.31282787,0.959217742394213,11.33580673,20.84404261,100.344,12.7,1378794,22,9618.47,0.061362024,0.125192016,50.47000122,0,2.48846,244.2743723,71.2
18.29883846,0.959501546256643,11.27507461,20.82196761,96.0715,15.3,1439006,23,11170.8,0.036362801,0.136795446,49.74200058,0,2.31192,241.6952918,76.4
18.20943798,0.960791245233222,11.1292101,24.11589751,99.0523,16.9,1466564,22,11633.2,0.065608602,0.179824561,46.7420001,0.002907,2.4507,244.8946711,79
18.14483639,0.960758684897813,11.1338373,23.65947888,99.0523,14.9,1431881,21,11937.11456,0.058161388,0.166128791,46.7420001,0.002907,2.52428,245.6375176,81
18.25512933,0.961709217812791,11.19884718,23.58055286,99.0523,17,1265005,21,12474.75089,0.056166761,0.179749271,46.7420001,0.002907,2.364040758,244.5800336,83
15.98851673,0.953481921526731,11.46527663,16.56047224,88.8599,9.7,81196,8,967.209,0.061953145,-0.0433213,40.00299835,0.111704,-0.445471,252.1206294,78.7
16.0223597,0.952241261832518,11.35637913,16.95950404,91.3635,11.4,84013,14,949.237,0.058023706,-0.080188677,47.28900146,0.219398,-0.420429,252.4803889,75.5
16.06880029,0.953207031545177,11.42839389,16.90388095,91.7296,9.8,91062,9,994.185,0.060067985,-0.03560831,48.11299896,0.10241,-0.184411,250.5170452,75.4
16.11286958,0.953684796544562,11.27142375,16.80857225,91.5689,12.3,107930,8,1290.59,0.052916923,0.048780486,44.73699951,0.005814,-0.092141,253.9128537,76.6
16.11618026,0.955024878836505,11.22325129,17.37255987,91.04231429,13.2,104131,14,1345.39,0.071421044,0.125,44.39437532,0.1098315,0.028289,254.9451547,75
16.09043752,0.95606702081627,11.2305764,17.65186842,91.04231429,10.6,96874,11,1500.070533,0.073155203,0.085389049,44.39437532,0.1098315,0.124588,256.3213046,77.3
16.16202695,0.954442098426569,11.2443079,17.29985862,91.04231429,12.7,90954,11,1629.235267,0.077243097,0.118576373,44.39437532,0.1098315,0.247392924,252.528208,78.9
16.08856879,0.962904119127657,11.56114661,13.47699546,97.2847,8.1,51721,7,884.794,0.06420705,0.062176164,43.73400116,0.104732,1.75007,255.2024757,80.7
16.15604465,0.964051410873587,11.4755794,14.87811791,97.1071,9.3,52059,5,844.266,0.061124439,0.0661157,39.7140007,0.141753,1.86562,250.2302741,80.9
16.21653533,0.960885214071355,11.47629322,14.70279944,96.9891,8.9,53205,3,899.421,0.058479659,0.108000003,44.04399872,0.09141,1.75901,252.8076355,82.2
16.26552187,0.962272712981612,11.41942484,11.70373274,97.3082,8.4,60148,7,867.97,0.050226518,0.241706163,45.08200073,0.003937,1.85953,254.9734121,83.7
16.22807899,0.965096330027221,11.3327738,13.05070686,97.01352857,10.1,56081,4,988.307,0.070793253,0.086419754,42.91475058,0.085458,2.11293,253.9953984,85
16.24665911,0.965277918371064,11.29785881,12.54125473,97.01352857,11.3,54248,5,972.9590333,0.070321559,0.182834692,42.91475058,0.085458,2.15514,254.9420812,87
16.30217595,0.965378314872779,11.33460189,12.90187756,97.01352857,10.4,51295,5,994.0539333,0.073261358,0.200116489,42.91475058,0.085458,2.267167273,255.2842287,87.4
14.36547894,0.953534337313888,11.44665488,15.11327618,92.4219,7.3,17839,36,205.456,0.057701621,0,71.28399658,0.111925,0.759544,247.5297996,72.9
14.44821676,0.954131962748911,11.37183742,15.15924134,94.2524,9.2,19361,34,239.619,0.056193463,0.131578952,55.47999954,0.326232,0.654594,251.3075473,76.3
14.55664858,0.95014968344645,11.31505012,15.20950485,95.0218,9.3,20426,30,243.553,0.056030591,0.244897962,66.26599884,0.008982,0.634893,251.1715781,72.1
14.53706764,0.950810638994554,11.20075638,15.07209805,94.5411,12.3,24028,32,281.655,0.054021082,0,72.7539978,0,0.696238,251.7204274,78.3
14.51225774,0.956734169963121,11.15315373,14.48595097,93.87462857,13.7,22553,31,310.791,0.075466797,0.238095239,64.53212404,0.11178475,0.590377,250.7988821,80
14.57039869,0.957143780527566,11.03701421,13.93820892,93.87462857,14,20797,32,329.8432667,0.077510965,0.203275195,64.53212404,0.11178475,1.1813,255.5566987,87
14.59689397,0.958100518413217,11.10189884,13.8921622,93.87462857,15.5,18998,32,355.2094667,0.083276091,0.219283604,64.53212404,0.11178475,0.990450242,253.8087475,85.5
17.12137182,0.956825029502736,11.21729872,18.37518991,93.4574,12.7,354568,38,5035.07,0.061846733,-0.033502538,40.0719986,0.047489,-0.637407,244.6087263,66.4
17.23420632,0.956559012212282,11.19638812,17.04292799,93.2619,11.1,371365,33,5292.4,0.061021836,-0.040816326,35.23600006,0.13141,-0.803626,247.5339952,63.6
17.39279265,0.954361309809499,11.13936371,16.40464596,93.5348,12.5,420514,34,5251.85,0.056316959,-0.010224949,35.29100037,0.09141,-0.665149,248.5566164,66.9
17.27226615,0.957831835456713,11.06790935,14.11786801,94.6545,14.6,505671,36,5995.44,0.045634417,0.04465213,32.55599976,0.00578,-0.908067,253.1166752,71
17.2228114,0.963093168115859,10.96099982,15.05243259,93.80752857,14.9,492071,34,6640.7,0.068356413,-0.004545454,36.65012551,0.06902225,-0.918448,254.2183678,75
17.11869319,0.964905198629659,10.9503978,15.2498275,93.80752857,14.9,483565,35,6813.240111,0.067613431,0.041807993,36.65012551,0.06902225,-0.997448,253.9949518,76.1
17.19002595,0.96496806700763,10.93391468,15.27881466,93.80752857,16.5,483811,35,7208.719778,0.070187276,0.056087339,36.65012551,0.06902225,-1.026923197,248.2076382,80.7
16.75293053,0.963656721002212,11.30248828,15.57631919,93.5238,11.9,246296,41,1983.3,0.056647066,-0.079664573,37.74399948,0.185019,-1.47637,242.8818236,61.2
16.77887568,0.963697112399688,11.26244592,14.79647004,93.7975,14.4,267452,41,2461.08,0.06368076,-0.055363324,34.10300064,0.111851,-1.5429,242.6723198,62.4
16.9057306,0.964238420884633,11.1996878,14.34154951,94.6863,13.6,283111,40,2494.87,0.067328438,0.024830699,38.56900024,0.002012,-1.69291,248.8209337,65.4
16.88419066,0.962410688539142,11.0164145,13.93306911,95.7123,18.4,499213,43,2596.19,0.059225011,0.074398249,38.77899933,0,-1.8236,250.8122529,68.4
16.83945505,0.965755842435689,10.98007643,14.91261751,94.46112857,18.4,469456,38,3077.96,0.086126421,0,37.61512518,0.0747205,-1.84658,250.8750892,70
16.77252141,0.964533004208832,10.94101207,15.57475936,94.46112857,16.3,289524,40,3161.891222,0.091449777,0.033628764,37.61512518,0.0747205,-2.09903,247.2005534,72.5
16.81758236,0.963889416527156,10.97293099,15.64941356,94.46112857,20.1,264299,40,3370.470889,0.099544797,0.049913256,37.61512518,0.0747205,-2.158897121,253.5922942,79.4
14.88023282,0.95966125352728,11.50249824,16.7528479,91.3566,9.3,32788,5,375.597,0.064397098,0.023809524,41.63100052,0.003498,1.67257,237.9575648,72.6
14.91096062,0.961698234021598,11.52283565,16.43504396,91.8996,8.6,32586,3,418.522,0.060322457,0.25,53.95100021,0.179121,1.6399,242.5157671,75.5
15.12280612,0.95784347897557,11.47444227,16.03477952,92.3745,7.5,32612,4,415.474,0.058420351,0.166666672,60.0530014,0.143351,1.751,245.9025987,76
14.98478021,0.966105021131125,11.26639727,15.89003984,91.9921,12.5,36320,4,464.098,0.045161687,0.148148149,61.68099976,0.011364,1.84365,246.2634431,78.5
14.86351154,0.960101192734867,11.23034486,15.76007266,92.05897143,12.1,36753,3,532.193,0.068542076,0.137931034,53.2768755,0.0843335,2.08961,243.0822696,81
14.7592649,0.95917486924443,11.19911713,15.916335,92.05897143,11.1,36370,4,538.8961667,0.067769642,0.279685433,53.2768755,0.0843335,2.37831,254.1399471,81.8
14.88986044,0.959228318175551,11.21255601,15.63821788,92.05897143,13.7,31616,4,572.5116667,0.070443361,0.313824015,53.2768755,0.0843335,2.396047879,248.9358166,82.7
14.67075434,0.957472908426756,11.30093752,17.89032815,94.0405,10.2,34754,14,346.924,0.070195568,-0.233333334,35.19100189,0.027388,-1.07727,250.1838895,81.5
14.67492868,0.958542626534293,11.22360759,17.94687785,94.2847,9.9,37850,12,354.425,0.073200359,-0.303030312,40.42200089,0.001246,-0.97397,252.1223207,80.5
14.72811263,0.958758786501278,11.21078546,18.10291131,93.9012,9.9,38087,17,382.483,0.076222927,-0.173913047,42.58599854,0.089256,-1.08571,253.0898338,80.1
14.77569598,0.960260399426589,11.09274091,18.15757856,94.9109,13.7,46175,14,412.476,0.106222048,-0.024390243,40.57799911,0.00578,-1.157,247.9653415,79.8
14.68457108,0.960746204810549,11.01187494,17.60142262,94.21641429,15.7,44020,15,476.789,0.130108837,-0.081632651,39.14475012,0.0309175,-1.24366,255.0459066,79.4
14.61352144,0.960969524390009,11.02832114,19.55848959,94.21641429,12.9,43292,15,484.7398111,0.138166967,-0.058636813,39.14475012,0.0309175,-1.25167,253.0667961,77.3
14.66903539,0.959949339578964,10.98964642,18.63557971,94.21641429,16,40506,15,515.6887111,0.154091565,-0.015004495,39.14475012,0.0309175,-1.326787667,251.6251554,79.7
17.12532877,0.958449498061557,11.36450451,15.90423973,88.6392,12.6,266975,30,2988.43,0.054484358,0.083596215,41.88299942,0.288339,0.415064,248.3848049,80.3
17.162558,0.959901890123634,11.31488475,16.00573077,88.6307,11.5,275094,27,3060.34,0.05060394,0.159817353,37.14599991,0.202881,0.34306,248.3097046,79.7
17.20276706,0.959614557071688,11.2761432,15.02451272,89.0669,10,279982,28,3170.05,0.048528699,0.14623338,43.39899826,0.32998,0.5173,244.4911434,80.4
17.29070004,0.958547990172351,11.2151596,15.62007752,89.7055,13.2,309870,29,3722.01,0.057062187,0.156208277,41.98300171,0.022989,0.627521,253.0855455,82.3
17.33206294,0.961423834047821,11.07669355,15.72876418,88.89802857,14.2,295409,30,4055.85,0.083512311,0.122033902,41.07600022,0.21104725,0.760814,250.8859717,82
17.31576232,0.961953872183794,11.12805693,15.27538178,88.89802857,13.3,280463,28,4195.095333,0.085445833,0.143650841,41.07600022,0.21104725,0.758051,251.7634372,86
17.36400286,0.963910975173232,11.14687321,15.47864898,88.89802857,13.9,247594,28,4478.162667,0.094376723,0.151650309,41.07600022,0.21104725,0.890402576,249.6622722,85.5
16.25814242,0.956512407183236,11.30219554,16.74017809,93.3347,9.9,124683,35,1437.52,0.059851508,-0.03125,36.57699966,0.078024,-0.282675,251.0319406,73.5
16.54492504,0.955835368208913,11.18343737,16.86422403,93.4201,12.6,134706,38,1464.41,0.062551372,-0.184397161,33.43399811,0.099458,-0.393716,244.5149177,73.3
16.37646408,0.955533433284934,11.17494862,17.0498484,92.6642,11.8,140891,39,1623.76,0.06338863,-0.049149338,39.88600159,0.077209,-0.595609,256.1292778,74.1
16.56022888,0.957102909754358,11.03843273,16.69347993,93.297,16.1,170137,35,2025.15,0.064496424,0.001919386,40.47800064,0.005714,-0.374331,254.1120773,80.7
16.44269785,0.958195407054977,10.94626872,18.01813458,93.08925714,15.6,167875,37,2172.04,0.078075832,0.026737968,37.49787474,0.06510125,-0.405743,252.9824446,86
16.41707796,0.956786972087461,11.00458615,17.39578921,93.08925714,11.6,159525,37,2358.031111,0.080563957,0.017655065,37.49787474,0.06510125,-0.666295,255.4143354,87.9
16.4174938,0.955888644873651,10.99658552,18.50251621,93.08925714,16.3,154485,37,2560.204444,0.085491374,0.042580378,37.49787474,0.06510125,-0.592267924,257.6649389,86.8
15.62426646,0.952783454567477,11.27734749,13.94758916,95.126,8.9,64585,10,720.122,0.069762578,-0.06167401,40.25699997,0.033654,0.267573,246.1004756,85.8
15.62365741,0.956260957502575,11.27486927,13.78560106,98.7609,11.3,67823,9,742.663,0.064699166,0.019867551,35.27299881,0.076531,0.141502,253.7524679,86.9
15.67661504,0.954751572460749,11.2051594,13.55066895,101.609,8.9,69468,10,788.581,0.057501709,0.08880309,39.58399963,0.099394,0.435309,253.1830021,86.4
15.74144915,0.957023597952398,11.17366766,13.55799338,92.6271,10.7,75645,15,829.741,0.062077822,0.080152668,36.72200012,0.005814,0.892655,252.1081613,88.3
15.75545355,0.955298593019307,11.06841695,14.31135197,97.80782857,10.4,70931,16,931.395,0.089436457,0.078740157,37.83724976,0.05384825,0.837799,251.3552916,89
15.7502214,0.95632563669975,11.08625951,14.24804961,97.80782857,10.8,65876,13,917.3130111,0.088144297,0.137359678,37.83724976,0.05384825,0.584308,256.2259041,90.5
15.79950149,0.956107325516762,11.15415547,14.16068057,97.80782857,10.6,63481,13,956.9746444,0.094513214,0.171243042,37.83724976,0.05384825,0.902425212,255.0480648,91.3
15.55175309,0.96041208715558,11.34390444,14.4275036,88.3184,10.8,61229,20,737.937,0.057875028,-0.109004736,34.85400009,0.001823,-0.585702,254.4681631,77.9
15.53004264,0.959436933352139,11.17373765,14.24559699,87.2279,12.5,68218,22,703.996,0.061312695,-0.164285719,31.27499962,0.108531,-0.662887,251.5152048,77.6
15.64603676,0.960447899516296,11.19671996,13.3015837,89.4203,11.7,69067,25,771.772,0.065966798,-0.15384616,34.35599899,0.002546,-0.791824,255.3299023,79.1
15.72080762,0.955339164250901,11.04768186,13.12766491,90.2832,13.7,76989,24,819.574,0.059068955,-0.092436977,29.88199997,0.191038,-0.712453,253.1420625,82.1
15.65920596,0.955993962739605,10.98384072,13.96212309,88.81537143,14.3,75212,25,927.619,0.090791766,-0.076086953,32.99137521,0.0759845,-0.781828,256.8635951,85
15.6473365,0.959190829320047,11.02286733,11.85754258,88.81537143,13.2,70615,22,925.1079556,0.097071702,-0.068860071,32.99137521,0.0759845,-0.915491,256.497262,85.7
15.68562588,0.955146662832411,11.05055052,13.20465078,88.81537143,14.9,62850,22,973.7787556,0.106907096,-0.04838156,32.99137521,0.0759845,-0.944165167,253.5704132,85.7
15.73191463,0.964405546855594,11.16363242,16.25060253,86.0624,14.4,113109,42,1319.96,0.06361785,-0.012779552,35.48600006,0.066533,-0.419623,244.8376382,73
15.78391807,0.95600157247356,11.03816566,16.27465451,85.4472,14.8,121644,44,1236.38,0.063745569,0.025531914,30.78499985,0.099099,-0.529651,245.568633,77.2
15.85785359,0.956511366652346,10.99030533,15.75135459,87.9245,15.5,129684,44,1404.77,0.06195481,0.134556577,34.05899811,0.067044,-0.632802,246.8889488,74.4
15.89846911,0.957413627112937,11.00067613,15.42035856,86.3272,17,141768,41,1423.3,0.058569801,0.094285712,34.31999969,0.003876,-0.624777,252.1408865,81.1
15.90815654,0.95712350492771,10.83728209,16.01090723,86.23251429,16,141647,44,1456.24,0.088197168,0.139705881,33.82649946,0.059138,-0.768762,253.3045756,83.8
15.8889623,0.955710496071551,10.82298984,16.02000586,86.23251429,20,129923,43,1540.204444,0.091302259,0.166569398,33.82649946,0.059138,-0.726463,253.4539711,87.5
15.91664354,0.956955597563874,10.79250694,16.55957035,86.23251429,19.1,116179,43,1598.881111,0.09889398,0.189043186,33.82649946,0.059138,-0.810296091,253.9826967,88.6
15.84920364,0.961798162667923,11.06619936,14.59118693,92.6652,17,133403,49,1248.79,0.061459747,0.088,40.25999832,0.101319,-0.86282,238.7551002,69.4
15.87694371,0.962271101382781,11.05268878,14.72355261,99.0401,18.3,143362,48,1163.19,0.064145513,0.154838711,35.4070015,0.100119,-0.867274,238.9143271,59.5
15.98185547,0.958361500769104,11.0363906,14.70808035,92.6766,16.1,128914,48,1285.05,0.060324696,0.016666668,38.20000076,0.112011,-0.85556,243.6806417,63.5
16.07283741,0.957282758813123,11.06356632,13.87028374,93.1191,14.3,148747,47,1384.85,0.065456138,0.092165902,37.21900177,0.479532,-0.788337,243.4531254,69.4
16.0297177,0.957623669742948,10.85721882,14.31625877,93.68177143,21.1,150051,50,1586.08,0.083795369,-0.064220183,37.79687548,0.19824525,-0.978853,244.6906935,72
16.00711261,0.956524806881161,10.76095269,15.29040352,93.68177143,19.2,139856,49,1591.563556,0.085541692,-0.052685527,37.79687548,0.19824525,-1.07243,245.896422,74.6
16.0292632,0.954987872216093,10.87261471,15.4684315,93.68177143,21.1,128935,49,1672.352889,0.091381035,-0.084052382,37.79687548,0.19824525,-1.025851515,246.4197812,78.6
14.91971849,0.963785372443135,11.16840824,12.13618816,92.7792,11.6,21743,16,454.42,0.063319915,-0.068965517,42.10300064,0.120763,1.06692,248.6659449,77.6
14.93297651,0.963879787285966,11.21786591,11.93683958,92.1866,12.6,23454,10,465.164,0.06290297,0.032967035,39.29499817,0.22237,1.55515,252.6573792,76.3
14.96044754,0.963966007040894,11.18420954,11.5289433,89.2563,10.9,24693,14,500.233,0.068646089,0.079136692,41.48699951,0.591787,1.491,254.30338,79.1
14.9596961,0.957208720790206,11.10809231,12.12512569,88.8958,11.4,26663,9,525.494,0.081129744,0.067164183,38.26800156,0.31164,1.45878,255.0747068,82.3
14.92362146,0.956857813219118,11.05787952,12.29025695,91.13031429,13.4,26267,10,525.788,0.101081678,0.150000006,40.01087475,0.31164,1.38788,254.8952935,85
14.88732747,0.957601762716463,10.99601188,12.20194612,91.13031429,12.3,24380,12,556.2938889,0.107447809,0.146049811,40.01087475,0.31164,1.43639,256.5747435,86.5
14.90305344,0.958741866594149,10.97268936,12.21619458,91.13031429,12.9,21781,12,577.6245556,0.118414251,0.181421479,40.01087475,0.31164,1.492652727,254.6554098,87
16.31184052,0.962531457428412,11.51171683,15.65026543,93.0324,8.6,101283,25,1151.46,0.051725368,0.150470212,45.20299911,0.135473,1.54149,248.4773751,79.5
16.38250997,0.960857967735542,11.53826231,15.70862598,93.0854,9.7,108540,31,1371.06,0.047680373,0.21238938,41.43899918,0.004006,1.52264,249.9747792,79.9
16.48645454,0.960606479887663,11.49924597,14.57214722,93.8727,8.8,123868,23,1343.83,0.051431432,0.240476191,45.81600189,0.178218,1.67121,253.7349305,80.4
16.57159339,0.962838793209793,11.40912024,14.31728877,93.7725,9.6,146411,21,1374.08,0.062978887,0.238095239,48.37799835,0.007874,1.77237,255.7681291,82.9
16.54594408,0.963162046891542,11.38432255,14.58554366,93.44974286,9.3,147421,24,1602.02,0.080556187,0.2265625,45.36362457,0.08139275,1.65911,258.3058988,84
16.53837247,0.963737086688313,11.25998393,14.89363287,93.44974286,10.3,144628,25,1589.956,0.084814098,0.291216779,45.36362457,0.08139275,1.72129,258.3708014,86.4
16.5688176,0.964222899393028,11.34422471,14.77362589,93.44974286,10.3,142841,25,1666.558,0.093767466,0.311709069,45.36362457,0.08139275,1.866751061,250.2655981,87.6
16.59870569,0.966404089519014,11.48539506,13.24533107,95.1001,10.3,113957,6,1577,0.070919047,0.188059703,49.31600189,0.034826,1.78329,255.5496126,79.3
16.65247022,0.965788299059481,11.46107354,13.29137999,95.7035,10.1,114161,7,1701,0.056980309,0.134453788,43.24200058,0.045455,2.02542,257.785929,79.5
16.69677586,0.96553587636588,11.38360833,13.24085187,95.2462,11.2,118072,7,1962,0.057873813,0.201474205,47.42399979,0.066076,1.91776,263.3894615,81.5
16.72305252,0.967982835975917,11.33117126,13.62126765,95.3753,10.8,127944,3,2344,0.054840302,0.224770635,43.89699936,0.00295,2.05889,262.9145297,83
16.6815676,0.966616045708574,11.3001124,13.89821072,95.49897143,10.6,119099,7,2165,0.070914103,0.201149419,44.91550016,0.03732675,2.01863,264.3791793,85
16.69237432,0.96543991594181,11.22412495,13.51675471,95.49897143,11.9,119952,6,2461.022222,0.069621678,0.232509153,44.91550016,0.03732675,2.15322,260.8316047,86.1
16.72758702,0.96701302549615,11.26312806,13.30165649,95.49897143,11.8,113262,6,2643.622222,0.072455958,0.247071211,44.91550016,0.03732675,2.198269848,262.7852522,87.5
17.06554626,0.952509378594983,11.36160373,19.92477259,90.4956,11.4,216684,29,2490.72,0.061025785,0.001930502,44.91699982,0.034039,0.357379,248.9376063,72.5
17.03936964,0.953638921096155,11.26259794,17.40187603,90.3426,12,226601,32,2640.67,0.051812214,0.096938774,38.36899948,0.044071,0.45201,250.0791365,72.2
17.05313843,0.957394273621801,11.21456315,17.57148832,90.316,10.8,232206,33,2814.79,0.054537248,0.094308943,44.30199814,0.140638,0.330086,250.4920786,76.3
16.97170844,0.955726360259738,11.07583527,17.51821559,89.5839,14,243275,30,2849.92,0.056871384,0.111878455,43.35300064,0.011364,0.4837,249.9093645,76
16.91134893,0.958663850646901,11.04135951,17.90974659,90.25021429,15,252705,33,3183.62,0.065358343,0.103448279,42.2253747,0.057528,0.372092,247.5319725,76
16.81791554,0.959699521714482,10.96932665,18.05345546,90.25021429,14.5,254126,32,3316.285222,0.066672097,0.111253349,42.2253747,0.057528,0.285625,250.8780768,78.6
16.84105178,0.959798084304381,11.03840525,18.08504684,90.25021429,15.5,244829,32,3478.362889,0.069767307,0.12377129,42.2253747,0.057528,0.281496061,249.5274264,79.7
16.28664559,0.955478058500634,11.52139083,16.0371724,94.0728,7.4,110117,1,1087.2,0.063063089,0.140762463,42.72700119,0.037945,1.40347,255.6765364,84.7
16.26152324,0.958754447900771,11.42837143,16.07806029,93.8371,8.1,123275,1,1160.86,0.055811094,0.170634925,37.64500046,0.051236,1.35993,256.9697496,86.2
16.30046422,0.957968321205416,11.37665237,16.202101,94.3442,9.3,134671,2,1270.77,0.068431203,0.052873563,42.36199951,0.227907,1.30727,256.4329586,86.4
16.33268104,0.960103087753965,11.27428473,15.74982574,93.8358,11.1,141598,6,1516.32,0.070310464,0.07692308,39.76699829,0.48,1.11774,255.14113,82.8
16.33731245,0.961292307023323,11.20934427,15.91057135,94.13214286,10,131255,6,1519.24,0.082290035,0.067632847,40.35462523,0.199272,1.07501,259.0785486,78
16.29668437,0.961349232746395,11.19092415,15.77699857,94.13214286,12,124745,3,1720.876778,0.090025833,0.0506645,40.35462523,0.199272,1.24648,262.2116447,81.2
16.35348722,0.960399478475479,11.2758516,15.3930785,94.13214286,12.4,119403,3,1855.956444,0.097670275,0.037710183,40.35462523,0.199272,1.050252121,260.3935283,82.2
15.33036864,0.958672528997196,11.04267925,15.59101842,93.9073,16,103244,50,952.375,0.060605417,-0.111111112,41.37900162,0.001581,-1.93463,238.8196576,62.7
15.38123282,0.959435291592445,10.92812691,15.81609783,93.1626,20.1,101694,50,1009.48,0.063304607,0.060344826,37.82799911,0.097708,-2.09569,239.3717782,63.5
15.46906227,0.957621996017645,10.933654,15.30172174,93.3897,22.6,102669,50,1024.01,0.060602457,0.065359481,40.7480011,0.001908,-2.25308,238.3877772,63.9
15.47513668,0.95647279658338,10.80489483,14.74794652,93.471,23.1,111478,50,1148.45,0.06913959,0.017964073,42.34899902,0,-2.37718,242.619309,71
15.45520657,0.956958817691885,10.86777987,15.20783089,93.51485714,17.4,97277,49,1047.31,0.088099014,-0.129870132,40.80849981,0.02529925,-2.29093,244.8786461,75
15.40420654,0.957557704188083,10.79147782,15.13638847,93.51485714,22.5,91652,50,1128.0042,0.090603346,-0.010434889,40.80849981,0.02529925,-2.46922,246.9486961,77.6
15.41963588,0.956141379470431,10.73546374,15.19342394,93.51485714,23.1,89449,50,1166.1306,0.09782365,-0.001440622,40.80849981,0.02529925,-2.527749242,245.8577436,82.3
16.17952262,0.959329923881435,11.33320933,13.58722664,94.0182,10.7,129961,37,1570.5,0.063340955,-0.06185567,41.59899902,0.002765,-0.20961,250.5135853,80.4
16.21051415,0.959256475645821,11.19629788,13.7508011,93.6511,11.6,132227,36,1570.23,0.062926524,0.013888889,36.20899963,0.108812,-0.23155,246.3364258,81
16.21605222,0.958937948177272,11.14395779,13.63061862,92.9042,12.8,134642,36,1678.43,0.06014906,0.043879908,41.49200058,0.071737,-0.381843,252.6819057,82.4
16.24372396,0.958260971322163,11.13442476,13.49512608,92.8624,15.5,150145,38,1794.58,0.062765852,0.071428575,44.30199814,0.002387,-0.625029,254.4081993,83.7
16.2415003,0.959511379001331,10.97573186,13.7665723,93.39212857,15.4,145767,40,1807.11,0.083840489,0.028846154,40.45099974,0.04642525,-0.752874,254.5392915,84
16.22552798,0.958941238857547,10.99979288,13.85547288,93.39212857,13.7,140821,38,1888.777444,0.0847248,0.083334085,40.45099974,0.04642525,-0.846545,252.7034922,87.3
16.25830379,0.958703916562453,11.12652133,13.6259744,93.39212857,16.4,134780,38,1955.335111,0.090708845,0.101576757,40.45099974,0.04642525,-0.979068803,253.1871707,89
14.335384,0.960265485970094,11.08398692,14.47548736,89.2151,15.1,21320,24,278.765,0.072867968,0.071428575,37.10900116,0.029574,0.233436,249.4694419,80.4
14.34636646,0.960578805874097,11.05477017,14.34908059,89.3629,13.8,21102,21,272.537,0.064166672,-0.191489369,42.67599869,0.123494,0.362463,255.3857784,81.9
14.4171951,0.958502693062533,11.0915255,13.88901712,92.4949,13,19279,19,288.73,0.064919016,0.079545453,44.26100159,0.152919,0.404387,255.6502486,82
14.47027973,0.955821446884953,10.94708162,13.55679755,92.1703,13.5,20673,26,316.161,0.063144665,-0.093457945,41.24399948,0.011429,0.331511,258.5461837,83.1
14.43710546,0.958024421354457,10.84778843,13.67562366,90.68332857,16.5,20164,26,353.001,0.08976602,0.15384616,40.55812502,0.079354,0.29381,256.7606671,84
14.42609124,0.957307505982598,10.86876462,14.01073933,90.68332857,14.5,19848,24,360.4545778,0.091482684,0.090435713,40.55812502,0.079354,0.302014,256.7324354,85.4
14.48543985,0.955001962025627,10.98521377,14.1220934,90.68332857,14.3,18476,24,381.3148444,0.098391584,0.124394702,40.55812502,0.079354,0.307441773,251.3711531,85.6
15.10423598,0.95913380038345,11.33805623,13.56279998,91.1782,9.8,38286,15,426.192,0.069215631,-0.198529407,37.42499924,0.032933,-0.112268,251.8457329,87.6
15.15255338,0.960266851093868,11.30500975,13.45644189,91.6828,9.5,40818,13,461.293,0.070306092,-0.114583336,34.99700165,0.043979,-0.205016,250.9572539,87
15.20273182,0.958990428185926,11.21058447,13.40137005,90.9238,9.9,42087,12,418.786,0.070219387,-0.015625,40.42699814,0.124242,-0.337245,254.4695026,83.8
15.25449456,0.959073640837678,11.15121848,13.26517659,91.2726,9.9,45585,16,521.145,0.073833992,-0.21192053,38.25400162,0.85567,-0.231135,251.8572536,87.5
15.30309304,0.963339258317332,11.17048148,13.35859757,91.30322857,10.2,43563,18,501.415,0.11409782,0.041666668,37.87774945,0.264206,-0.304546,254.1152499,88
15.26593415,0.965738609815771,11.06635895,13.73147469,91.30322857,11,40151,13,528.9232333,0.119882989,-0.061805695,37.87774945,0.264206,-0.217842,251.1549702,89.7
15.3418574,0.963510938735303,11.14788781,13.6001051,91.30322857,11.5,37601,13,548.9658667,0.133050297,-0.032080522,37.87774945,0.264206,-0.311065667,255.9682983,89.3
15.17033922,0.950137842029931,11.3652001,18.43986426,94.5532,10.9,44551,40,473.261,0.064684393,-0.045045044,42.11899948,0.173097,-0.371331,241.0280377,57.4
15.3077098,0.951895357695994,11.31096576,19.09704057,92.9698,10.6,48803,40,581.635,0.061740256,-0.041666668,49.00400162,0.07265,-0.49557,245.1700546,55.8
15.41682119,0.951417795471528,11.30527012,18.54225598,92.0796,9.7,51749,41,532.336,0.061537448,0.132653058,51.11299896,0.000934,-0.434404,243.430585,51.3
15.48645645,0.951166153092202,11.18763523,19.70495158,94.4399,13,67829,45,648.199,0.060079464,0.030864198,48.51800156,0,-0.187883,247.5453062,61.9
15.3696988,0.955952425465678,11.00307964,20.01645644,93.6507,15.5,75669,39,708.688,0.081737533,0.06818182,47.18300009,0.06167025,-0.0487,245.3884162,63
15.33135042,0.955688074178852,10.89639612,21.53699332,93.6507,17.4,75011,41,747.2651,0.083640926,0.044446669,47.18300009,0.06167025,-0.161968,248.8799764,70
15.36436771,0.95718949102227,10.9970573,21.20410036,93.6507,18.1,73144,41,802.8401333,0.089443229,0.056066048,47.18300009,0.06167025,-0.035486182,248.3453118,73.6
14.85575186,0.957085428902577,11.57204071,13.86599452,97.5581,5.8,16701,3,262.593,0.067936196,-0.096774191,41.99700165,0.034855,0.584201,257.5011911,78.7
14.93637148,0.958809137494715,11.47819685,13.52150608,97.174,5.6,16677,6,286.448,0.061491478,-0.079365082,38.32500076,0.094664,0.545784,254.86402,81.1
14.98456648,0.958277791628909,11.52847158,13.1209797,97.3159,5.8,17411,6,270.62,0.06234721,0.052631579,42.59700012,0.152275,0.885829,258.335801,83.4
15.03070395,0.961463825572291,11.40825671,12.63865654,97.377,7.8,18362,5,309.53,0.058180132,0.129629627,46.02099991,0.007813,0.781214,255.9609362,84.4
15.02820571,0.960405771663302,11.33985309,12.67220733,97.34705714,7.6,17048,2,310.469,0.085750625,0.177777782,42.186625,0.07240175,0.631837,260.2605761,86
15.0033239,0.962538821879925,11.34877832,12.66182905,97.34705714,9,15679,4,320.8653222,0.087931787,0.172415564,42.186625,0.07240175,0.563523,263.1056994,88.1
15.02440674,0.96105915215996,11.37211351,12.50067692,97.34705714,9.1,14705,4,332.6193556,0.094828693,0.221245408,42.186625,0.07240175,0.648142364,261.2349247,88.2
17.13333102,0.9610794539855,11.58060355,12.77931666,96.8217,8.6,136272,21,1728.72,0.059194001,0.07434053,48.01699829,0.006313,2.07657,252.4088204,86.3
17.22598574,0.96008195247512,11.58437663,12.12924483,97.3459,6.8,146888,19,1746.88,0.053073602,0.099656358,45.5870018,0.406219,2.23222,254.8841505,84.8
17.25953841,0.961932299867662,11.41799349,12.36720955,96.9524,8.7,150502,18,1859.92,0.058016578,0.114718616,49.34600067,0.01002,2.60044,254.478879,84.6
17.27286658,0.962977153369479,11.41828073,12.04240147,96.2305,9.3,169078,18,1997.67,0.042913335,0.169265032,50.32799911,0,2.45343,258.8645109,86.3
17.21479114,0.965103985348819,11.28459211,12.72701865,96.81161429,11.4,168467,17,2320.63,0.080577325,0.106976748,48.38987541,0.105638,2.29596,261.5636761,86
17.24734208,0.96531160462139,11.20519188,12.37014174,96.81161429,11.1,167873,16,2387.818556,0.084636795,0.175932028,48.38987541,0.105638,2.31395,260.2164798,88.6
17.27403495,0.963474352415472,11.27041452,12.17187861,96.81161429,11.5,161664,16,2535.222889,0.093274334,0.198984565,48.38987541,0.105638,2.475792576,256.9135523,90.1
15.11396652,0.949566331065975,11.11278777,15.12535424,98.9386,18.1,62253,31,636.863,0.068225242,0.132075474,40.0320015,0.134856,0.554801,239.1718967,67
15.18227371,0.949387651297729,11.09762689,15.00699494,99.1449,17.9,64216,29,662.403,0.076017706,0.151898727,46.87900162,0.004968,0.774891,236.1561677,67.3
15.21470037,0.953257667497362,11.10745486,14.90824855,99.0864,14,64417,38,620.084,0.070735762,0.125,48.54000092,0.392039,0.862242,242.669148,66.8
15.30460109,0.949204078680198,11.02104504,14.46856517,99.0231,19.3,70168,31,738.766,0.05674163,-0.009345794,50.37599945,0.494186,0.993796,244.443375,67
15.22593824,0.950811545964671,10.88925461,15.06955119,99.11991429,22.2,64303,32,843.291,0.071668081,0.220338985,45.55762482,0.25651225,1.18051,245.7532642,70
15.17070642,0.952109511604986,10.82226459,15.23463418,99.11991429,21.7,61405,32,832.4338889,0.070455558,0.172820064,45.55762482,0.25651225,1.19197,243.2489074,68.5
15.22751946,0.949215788028161,10.85497603,15.18746218,99.11991429,22.1,55234,32,881.5298889,0.070551705,0.188543963,45.55762482,0.25651225,1.311177909,246.0279908,71
17.78686128,0.971029843631843,11.31070156,13.69311038,90.7541,14.3,458177,27,5408.54,0.062601567,0.135371178,50.39300156,0.14123,2.16801,248.2195919,65
17.8720915,0.973116546114998,11.2893133,12.97429693,90.8056,14.5,482807,26,5878.32,0.057224015,0.208516881,44.48199844,0.072041,2.20781,251.3111998,67.4
17.95616649,0.972843120781119,11.20590015,12.83653982,91.1586,14.5,482787,26,6049.09,0.054133832,0.159266412,50.45399857,0.001103,2.21009,254.3435182,70.8
18.01862707,0.972472235466467,11.16366943,12.57475315,90.9933,15.8,518961,25,6732.98,0.054110393,0.200862065,45.61299896,0,2.35814,253.6636549,73.1
18.00360436,0.974941340410671,11.0766759,12.92477976,90.97495714,16,512603,20,6938.44,0.074737829,0.176691726,46.95887518,0.0535935,2.51142,249.665011,77
18.00069407,0.975274502940265,11.06764988,13.09136811,90.97495714,14.5,513299,25,7130.805444,0.074728478,0.230582458,46.95887518,0.0535935,2.40287,255.0696748,77.8
18.04962188,0.975692581166471,11.10620217,13.45163067,90.97495714,16.3,471869,25,7468.025778,0.079334966,0.245826394,46.95887518,0.0535935,2.492982424,252.5965405,80.4
16.44167027,0.96391725176188,11.17288701,15.23722299,92.9464,15.7,211574,39,2411.59,0.064580309,-0.057793345,40.09199905,0.0696,-1.46547,252.9661823,71.4
16.496127,0.965273039429454,11.17442044,14.97303079,93.1447,13.1,225252,37,2531.54,0.065115891,0.034912717,34.9620018,0.195678,-1.47718,252.3548161,71.8
16.59881504,0.963515032165747,11.08827488,12.86223999,91.6157,15.5,242135,37,2775.32,0.058931795,0.060260586,38.41699982,0.00303,-1.44032,252.615889,72.8
16.73038223,0.962451398233529,10.98275569,13.57831512,92.097,16.9,275039,37,3012.26,0.060081148,0.10425844,38.9280014,0,-1.46398,250.3120239,77.4
16.61530438,0.963875083059783,10.96323636,15.15497501,92.59567143,15.4,266478,35,3262.35,0.077895893,0.042704627,38.21675014,0.067077,-1.51964,256.0551298,80
16.4565517,0.965208500868397,10.80021386,15.40175155,92.59567143,18.6,264755,37,3515.703889,0.077868364,0.129004555,38.21675014,0.067077,-1.60652,257.2632061,83.9
16.4714341,0.96560012831003,10.97350693,15.59492217,92.59567143,18.2,248860,37,3756.372222,0.081569677,0.159296275,38.21675014,0.067077,-1.585045606,251.0279291,85.9
14.02387636,0.950794569785081,11.2535311,12.90232731,94.1291,9.7,13969,9,175.832,0.068447011,-0.211538464,36.0909996,0.000976,-1.3352,254.0494223,86.1
14.05839305,0.952011775618128,11.17764355,12.4551425,94.465,11.2,14248,8,158.611,0.071604435,-0.258064508,32.75500107,0.100956,-1.35739,255.4911224,82.1
14.07367321,0.951102935337364,11.16971013,12.07318596,96.7525,9.3,14544,8,153.23,0.073040232,-0.042857144,38.89300156,0.00173,-1.37785,253.9128553,83.8
14.1352144,0.952304974921376,11.16084784,11.57902457,95.8358,10.9,14573,17,166.078,0.080899266,0.059999999,37.81900024,0,-1.40359,258.6869114,85.7
14.21671273,0.951768456953772,11.18379458,11.44393159,95.23752857,9.9,14068,11,192.879,0.104845738,0,36.20437527,0.0259155,-1.48825,259.4788778,87
14.25292294,0.947910854227155,11.04975616,11.6521693,95.23752857,9.9,13273,11,178.3160778,0.110683317,0.009231246,36.20437527,0.0259155,-1.48426,254.2233421,87.2
14.39270198,0.945997586546584,11.0959678,11.77876008,95.23752857,11.1,12415,11,183.0091778,0.120742567,0.048202509,36.20437527,0.0259155,-1.530230909,255.2244052,87.5
17.0398173,0.956727385234743,11.32766748,14.66264397,92.1484,10.9,256095,32,2702.13,0.057785857,0.01504788,40.25799942,0.068436,-0.082271,251.8922132,81.3
17.07231027,0.958255524700247,11.22420452,15.58556666,94.0423,12.3,272632,35,3002.97,0.064190599,0.070143886,33.68600082,0.099218,-0.128742,250.1900066,79.2
17.12650314,0.956826211302639,11.20905902,16.62808825,90.9039,12.8,281638,31,2985.86,0.062797945,0.072176948,40.20500183,0.071861,-0.054684,256.1964869,79
17.12118314,0.95692400033191,11.07333033,16.10317692,91.1982,13.3,303679,33,3353.96,0.048697639,0.115515292,49.86500168,0.010526,0.080177,256.6513447,80.7
17.10393325,0.957191471378396,10.95082299,16.05197529,91.92024286,15.1,281306,36,3731.39,0.076686416,0.092391305,40.43662548,0.06251025,-0.017737,253.0827667,81
17.0277742,0.95811667660785,10.91882315,16.31999306,91.92024286,13.7,263683,33,3798.714111,0.078366136,0.130719376,40.43662548,0.06251025,-0.074666,256.3279258,81.8
17.08895369,0.96099577529626,11.02162468,16.19144622,91.92024286,16.1,244201,33,4008.395111,0.083505342,0.150476458,40.43662548,0.06251025,0.024187561,253.5463807,83.5
15.63608986,0.954763675018163,11.13524166,15.36857129,93.256,12.8,111688,43,1035.09,0.072627157,0.075000003,39.43099976,0.047891,-0.949185,241.7227614,77
15.67706045,0.953289747368571,11.06362986,15.57492082,93.1857,15.6,119779,46,1120.46,0.079877009,0.021857923,35.96500015,0.062406,-0.939361,247.2069879,77.8
15.73228766,0.954461178495227,11.08141779,15.14929157,92.8956,13.4,119759,49,1169.17,0.072540322,0,39.09400177,0.076564,-1.02004,249.608597,78
15.79204399,0.953141925925283,11.07331175,13.85213974,93.1608,12.9,130064,49,1246.96,0.076562197,0.038314175,39.62799835,0.005714,-1.02779,245.9531859,80
15.71131269,0.956778089033362,11.03265486,15.98706811,93.22165714,13.9,126944,46,1296.91,0.105231012,-0.008130081,38.40074968,0.04814375,-1.15485,249.4458261,81.2
15.68387272,0.953564415374644,10.86067321,16.12179142,93.22165714,14,118552,46,1375.077333,0.107362066,-0.031548546,38.40074968,0.04814375,-1.15679,248.9896214,82.7
15.70700172,0.953987929920678,10.89745113,16.36461734,93.22165714,16.2,112892,46,1442.742,0.11537121,-0.055966352,38.40074968,0.04814375,-1.236402515,250.7830742,81.6
15.67272477,0.955206084422182,11.28345532,20.42582762,88.1728,12.5,96457,19,909.464,0.068326056,0.045267489,41.53900146,0.095592,1.00295,251.3868412,74.2
15.70318544,0.953212067027095,11.22322115,20.14162809,93.0198,12,102793,20,978.661,0.057996285,0.060240965,44.11700058,0.067362,0.875425,251.7213661,73
15.76041298,0.959977427054816,11.23194597,18.79004676,91.2035,12.8,103753,21,961.07,0.055202935,0.050675675,46.91500092,0.091309,1.08442,246.4091081,76.7
15.81320379,0.955152553453697,11.14114836,19.08307907,88.4711,13.4,113248,13,1123.48,0.049531435,0.237547889,44.20299911,0.322835,1.46918,251.3748849,72.5
15.75774887,0.958124070877559,11.09410263,20.30362226,90.62554286,14.4,111534,8,1262.19,0.07296462,0.031496063,43.93562555,0.1442745,1.42315,249.7004536,68
15.71723037,0.958909950153078,11.11238954,22.24765857,90.62554286,15.1,107859,17,1257.875011,0.072048227,0.15540472,43.93562555,0.1442745,1.32729,252.6339288,72
15.85698825,0.958807452242099,11.15381433,21.5911943,90.62554286,15,98304,17,1336.985644,0.075689628,0.181404245,43.93562555,0.1442745,1.536392833,251.6658872,74.8
17.13466982,0.958719995897474,11.31409403,15.36283148,93.408,10.5,229628,28,3273.41,0.058796842,-0.005044136,43.24300003,0.070447,0.244545,250.242539,82.2
17.20985059,0.958218658283964,11.27055539,15.08735052,93.0016,11.2,240754,28,3307.5,0.060677938,0.038639877,40.58300018,0.001718,0.324426,248.7730274,82.5
17.26117787,0.956046630219023,11.19547934,15.19778417,93.9843,10.4,244156,27,3520.43,0.068730002,0.092445329,44.0929985,0.057816,0.681197,255.0168779,82.7
17.28207222,0.956182083542972,11.12211518,13.68480741,93.0569,11.1,260879,28,3869.91,0.057198522,0.177018628,42.97499847,0.003846,0.417559,253.7749922,83.8
17.29705687,0.957312479004127,11.06224035,13.80390126,93.1402,12.6,257908,28,3986.79,0.080554141,0.058685444,42.55762482,0.03345675,0.395813,256.9220833,84
17.26200244,0.96456325356353,11.06966042,14.32174562,93.1402,12.4,253258,29,4218.167222,0.087056075,0.152008926,42.55762482,0.03345675,0.257088,257.2813922,85.3
17.29534848,0.964445155439237,11.14646708,14.28473326,93.1402,13.3,245979,29,4434.372222,0.094229327,0.181899335,42.55762482,0.03345675,0.389647,254.0811438,86.1
14.69540147,0.964005971623618,11.35466616,14.21981065,90.2224,11.5,22739,13,302.594,0.064722558,0.107692309,47.58100128,0.096275,1.76565,242.5974569,75.9
14.73302681,0.961878026133037,11.33706296,13.28393175,90.6004,12.1,22914,11,315.706,0.054595633,0.190476194,41.86899948,0.326981,1.89362,246.8400549,77.8
14.77126836,0.961390040396386,11.30808503,13.32150075,91.2673,9.5,24220,13,310.777,0.056302156,0.207547173,45.36600113,0.011869,1.81538,247.2907686,76.4
14.77452266,0.961199659727475,11.1915055,12.84393779,91.6013,13,25676,10,338.529,0.047470127,0.0625,42.60200119,0,1.85981,252.1588622,78.8
14.74147183,0.962210230586313,11.04451775,12.8251485,91.16257143,13.4,24515,13,367.754,0.07243338,0.321428567,43.53212547,0.10878125,1.88514,253.8164951,77
14.73797826,0.961480614233337,11.13876773,14.43384921,91.16257143,13.5,23416,12,365.7497,0.073276274,0.248867737,43.53212547,0.10878125,1.98449,252.5606706,80.8
14.75689758,0.961656620139333,11.06567155,14.98864968,91.16257143,14.3,20728,12,378.1586,0.078103181,0.264892866,43.53212547,0.10878125,1.980571667,253.1507514,82.8
15.89057268,0.953892605449064,11.20456282,14.92378946,90.9256,12.7,104967,45,1229.66,0.054604317,-0.092436977,39.29999924,0.001203,-1.56594,248.307798,60.6
15.93586489,0.953648999800027,11.13002402,15.00055421,92.3254,15,108341,43,1229.36,0.060743954,0.03164557,35.73899841,0.047564,-1.64292,247.7251723,62.1
15.9933574,0.9509094138781,11.10423706,14.36614317,92.2337,14.1,114737,42,1314.58,0.065179433,-0.071698114,39.08200073,0.140882,-1.71989,250.1163027,66.3
16.03261079,0.951489727462151,10.96336832,14.37922749,91.8402,13.7,134753,46,1453.38,0.06658748,-0.072607264,40.88399887,0.011364,-1.65619,250.1674229,70.5
15.99804313,0.952000859002448,10.84298394,16.05466884,91.81147143,19,130647,45,1661.43,0.113010892,0.023622047,38.3972497,0.05025325,-1.7906,248.3310581,75
16.02339117,0.953950342012709,10.8600383,15.31029433,91.81147143,15.9,124287,44,1638.348556,0.122942276,-0.042913303,38.3972497,0.05025325,-2.00767,249.5949287,80.1
16.06543504,0.952935068550132,10.88210256,15.29101566,91.81147143,17.9,114562,44,1724.859556,0.139531403,-0.037899573,38.3972497,0.05025325,-2.045556818,249.9083088,82.6
14.11358369,0.951351901336159,11.23129902,14.04861186,92.9216,12.7,20631,11,207.684,0.068470036,-0.01754386,37.35699844,0.027523,-0.977894,251.5328451,83.7
14.14146897,0.952294698807402,11.20013479,13.54788173,93.985,11.8,21580,17,221.058,0.0718273,-0.222222224,33.46699905,0.139665,-1.0404,255.385063,84.5
14.15702269,0.954149941253228,11.15290568,13.35810364,94.3399,9.4,21795,16,222.17,0.073541537,-0.014492754,39.18600082,0.002884,-1.11402,255.263715,84.4
14.22554824,0.952316040171947,11.0721778,13.67687148,93.1527,14.1,22962,20,258.326,0.082279208,0.08139535,37.4129982,0.190141,-1.13557,253.5948203,83.3
14.20797904,0.949903198012919,11.00689098,13.2603423,93.32975714,14.5,22583,19,278.497,0.109927455,-0.035714287,36.83462477,0.09005325,-1.18643,253.9087618,83
14.1876998,0.950868994746318,11.07890479,13.97820201,93.32975714,10.3,20430,19,284.3387667,0.116497648,-0.01280363,36.83462477,0.09005325,-1.15426,254.5669001,82.7
14.24248035,0.949212291455836,11.05418951,13.83282905,93.32975714,12.6,19474,19,300.0361333,0.128007225,-0.000848435,36.83462477,0.09005325,-1.234879485,252.4712208,83.9
15.93929006,0.96365131552034,11.179412,15.81545386,91.7624,14,152828,48,1724.75,0.094078959,-0.025510205,37.43199921,0.074421,-0.94795,244.4021672,66.1
16.00719029,0.966366437565404,11.10933081,15.679101,92.3984,14.9,155330,49,1972.49,0.091642711,-0.024096385,31.51099968,0.174929,-0.989383,245.8003018,70.6
16.05945439,0.965290372192637,11.03353542,15.73546063,92.4472,14.8,160058,43,2075.18,0.062155497,-0.059895832,32.13700104,0.247748,-0.962872,245.5072476,74.9
16.08878376,0.963934253134042,10.94903999,14.97011983,92.1424,16.5,174832,44,2244.21,0.091774595,-0.010075566,31.43300056,0.022472,-0.984378,247.1035913,79.4
16.10842483,0.963190594102529,10.89629749,14.83548959,92.00177143,16.3,161578,41,2345.96,0.10273217,0.026455026,33.55812502,0.1298925,-0.982877,247.3326597,87
16.11075389,0.964215650650469,10.83106384,14.96088545,92.00177143,18.1,159426,45,2476.522778,0.090168655,0.006925688,33.55812502,0.1298925,-1.0668,250.9768404,87.2
16.14188653,0.963968903289388,10.90280782,15.23516772,92.00177143,18.6,150116,45,2608.497778,0.090415477,0.020067477,33.55812502,0.1298925,-1.051298879,249.4538659,88.5
17.70783714,0.958973270256478,11.22493755,14.75748904,92.729,17,824449,34,5464.31,0.058160855,-0.108717948,37.15100098,0.143918,-0.875691,248.9331706,76.7
17.72122541,0.95757482479983,11.15923414,14.95589838,92.5182,16.2,892195,39,5878.23,0.050944483,-0.100456618,33.15999985,0.152074,-0.932499,250.3647363,72.5
17.82124052,0.956346095388403,11.14501359,14.75861947,92.4734,16.5,900396,35,6096.74,0.074912225,-0.093090214,36.87799835,0.003304,-0.935827,253.3812479,73.1
17.8683519,0.955086559959801,11.1075359,14.49245361,92.2277,17.3,992454,39,6927.1,0.080305537,-0.103024572,35.83800125,0.241791,-0.957637,254.1771274,81.4
17.87969526,0.958719936357398,11.04479111,14.73361219,92.5238,17.4,993498,42,7142.36,0.092015255,-0.068817206,36.11387491,0.13527175,-0.865266,253.722226,88
17.81933687,0.958628954414517,11.0523795,15.51107886,92.5238,16.8,955072,38,7743.204333,0.107223159,-0.085021721,36.11387491,0.13527175,-0.809768,252.120976,88.3
17.91310546,0.958520307895522,11.07943192,15.29189593,92.5238,17.5,886409,38,8244.504667,0.119603342,-0.08235199,36.11387491,0.13527175,-0.861974909,253.2046976,89.1
15.20467397,0.955798809660611,11.45187318,21.82743698,91.9759,9.1,64070,2,471.17,0.069275345,-0.280991733,36.00699997,0.002145,-1.07926,249.104655,83
15.24663054,0.956110861027534,11.43934421,22.59644636,94.0607,9.2,68147,4,533.516,0.070345428,-0.319148928,39.69900131,0.046991,-1.11209,250.6053413,78.6
15.325402,0.954999689600021,11.2954397,22.13984772,87.3869,9.6,64182,5,502.759,0.068974911,-0.252941191,42.59899902,0.062121,-1.13113,252.3548802,74.3
15.43964293,0.954034113652935,11.31620146,23.66225641,92.4809,9.7,72535,2,568.204,0.07530579,-0.284810126,40.87200165,0.003861,-1.10432,250.8691711,80.9
15.36841403,0.956750908604505,11.16827751,22.8047908,91.90091429,11,73049,5,613.21,0.106410771,-0.394736856,39.54500008,0.0287795,-1.1181,251.6422249,80
15.37143669,0.957011197059474,11.22418379,23.0470585,91.90091429,8.3,66726,5,645.2929,0.110994047,-0.270651137,39.54500008,0.0287795,-1.0909,254.5051458,83.9
15.44388915,0.957775714997025,11.2392231,23.21827281,91.90091429,10,58995,5,684.4698667,0.121654404,-0.264733216,39.54500008,0.0287795,-1.137031515,254.8985006,85.2
14.52077579,0.946513209216383,11.32170636,11.70428471,96.0213,8.5,16201,4,198.869,0.075712112,-0.056603774,46.45700073,0.062217,1.56939,254.4297403,85.4
14.57711771,0.945648134186203,11.36142589,11.27889908,95.7263,7.6,16306,2,209.042,0.060873778,0.222222224,44.88700104,0.047456,1.67253,256.1483763,82.3
14.63676912,0.944397376115187,11.17362853,10.76859691,95.5784,9.9,16308,1,209.396,0.060657511,0.150684938,49.25799942,0.000758,1.83298,255.9844587,89.3
14.5159271,0.954566326779069,11.20467405,10.68047,94.4528,9.4,17496,1,239.925,0.05632193,0.354838699,50.18099976,0,1.88671,256.6608227,87
14.47007041,0.954307988188248,11.10060324,11.55536573,95.24578571,11.6,15913,1,242.85,0.078222041,-0.041666668,47.36525011,0.02760775,1.82084,259.0588718,88
14.509993,0.954539603844387,11.0860231,10.66604465,95.24578571,8.7,14836,2,252.2160667,0.077351639,0.21085654,47.36525011,0.02760775,1.72911,259.1547202,87.8
14.58678892,0.952354182097748,11.13154518,10.55024753,95.24578571,11.3,13733,2,263.4558667,0.081206825,0.240314627,47.36525011,0.02760775,1.841624545,256.0898358,87.7
16.50017701,0.961208935900524,11.55783109,11.78183328,93.8221,10,125205,23,1985.23,0.072444178,-0.050955415,42.0870018,0.045355,-0.848837,252.1218642,79.3
16.58936061,0.961775938333466,11.3850151,12.85301711,94.0816,9.2,138221,23,1978.71,0.072634502,0.034482758,37.34199905,0.002768,-0.776223,252.9128085,74.5
16.68058528,0.960775774199821,11.39547114,15.31522939,93.4565,8.6,143271,20,2250.69,0.062915318,0.005328597,40.80500031,0.218792,-0.749267,253.9262406,77
16.7200056,0.961876042239352,11.34998594,17.30441784,93.0754,10.7,160150,21,2338.88,0.055349669,0.089376055,44.45999908,0.329365,-0.752262,256.4324025,81.1
16.63222074,0.962468930982383,11.28904091,17.63905037,93.65597143,11.4,156085,23,2578.69,0.097346954,0.087719299,41.09762526,0.14907,-0.922057,255.0439587,83
16.64194773,0.963039338777147,11.29547841,14.15637537,93.65597143,10.4,155935,22,2566.313444,0.096999288,0.128994045,41.09762526,0.14907,-0.946276,256.640073,85.3
16.65888961,0.963423301145773,11.16447414,14.23156152,93.65597143,11.3,139632,22,2700.679778,0.104586733,0.161121013,41.09762526,0.14907,-0.965362,258.18096,86.7
16.29616336,0.956572774180249,11.41534461,19.16412668,91.8056,12.6,152520,11,1626.71,0.069157142,0.05820106,41.27099991,0.0035,0.884791,250.3551178,74.6
16.30215891,0.956628843030532,11.36027766,19.20009412,91.7478,10.2,160703,16,1662.08,0.066144279,0.151291519,42.3409996,0.15746,0.829347,251.8481017,72.9
16.36606652,0.955491524470179,11.37703536,19.10526022,91.9965,10.2,165168,15,1835.44,0.070728214,0.079155676,45.22299957,0.41129,1.18944,255.2502841,71.9
16.4823178,0.956626925382162,11.34818101,19.05302418,92.7307,11.7,193387,11,2154.42,0.077286214,0.127192989,41.31499863,0.053763,1.29657,253.3140634,75.8
16.42445315,0.958239829663901,11.19243104,19.35302168,92.10252857,12.5,192565,9,2334.43,0.105433705,0.133971289,42.1713748,0.15650325,1.37071,253.3119564,77
16.4175288,0.956348497596632,11.17768339,19.58506685,92.10252857,12,191753,13,2492.298111,0.111103843,0.151387248,42.1713748,0.15650325,1.2716,257.834029,78.2
16.51333032,0.955226304646966,11.25397976,18.02771125,92.10252857,11.9,176133,13,2673.703778,0.122417356,0.172819971,42.1713748,0.15650325,1.495100788,257.8373126,79.7
15.06377808,0.961850279589522,11.04375029,14.03921666,94.6173,17.4,49837,47,628.658,0.057336157,0.175675675,35.58200073,0.06364,0.248718,244.7016545,76.9
15.08299003,0.96212003442214,11.03122878,14.03592544,96.765,15.4,49961,42,608.624,0.057984118,0.252427191,30.02099991,0.001715,0.028569,245.8125657,76.9
15.09560944,0.959140778506519,11.05505652,14.36046452,94.8516,14.8,49588,46,622.57,0.063243372,0.158536583,31.75399971,0.057775,0.002981,245.1786025,77.3
15.12583134,0.962110061261571,10.94838762,13.99025187,95.1214,15.8,53060,42,724.553,0.058185227,0.281879187,30.82299995,0.002933,-0.091435,244.5719764,80.4
15.19319484,0.960525897053397,10.88541534,13.90857518,95.71742857,17.5,49117,43,687.583,0.085802646,0.06779661,32.14399982,0.03151575,-0.133131,247.3481026,79
15.1614972,0.957378961643392,10.77646983,14.08098542,95.71742857,17.3,46402,45,725.5721444,0.091751159,0.146933562,32.14399982,0.03151575,-0.225726,250.2256791,84.5
15.14181823,0.95742644811971,10.80276003,13.99514406,95.71742857,17.3,41701,45,750.5383778,0.1007194,0.142983053,32.14399982,0.03151575,-0.299986879,247.4361779,89.8
16.33798899,0.961278598688431,11.3889141,14.59354144,93.9585,9.8,105702,17,1351.04,0.065699259,0,40.96900177,0.001879,0.826704,252.8689415,87.7
16.34945353,0.962683623669333,11.23428083,14.28854447,95.3156,10.2,112942,15,1424.16,0.058866704,0.046594981,36.08300018,0.144772,0.758554,251.3366767,87.5
16.34697245,0.963004601234621,11.25245918,14.83694089,94.1828,11,116761,11,1415.73,0.067267653,0.148837209,41.0019989,0.003183,0.608042,253.4825214,89.6
16.39241311,0.962197970068346,11.18378319,14.70934833,93.6784,10.8,127891,12,1720.36,0.055897625,0.078651689,40.9620018,0.191038,0.883851,254.3632744,88
16.40394878,0.962000017482276,11.10437011,15.13717384,94.69095714,13.1,121516,12,1823.75,0.068155633,0.140845075,39.28487539,0.085218,0.886735,257.1096175,88
16.31935235,0.959852297203652,11.09359405,15.15941226,94.69095714,11,113763,14,1932.828889,0.073105705,0.118870249,39.28487539,0.085218,0.684269,255.46501,88.6
16.34946751,0.957017680467678,11.06069629,14.92791558,94.69095714,11.5,105504,14,2058.955556,0.076256987,0.145322153,39.28487539,0.085218,0.792087924,255.7487992,88.2
14.10991359,0.953098124416209,11.30523927,12.9601412,89.9271,9.8,12037,22,138.557,0.088712946,0.100000001,33.44599915,0.000975,-0.975669,251.1931454,76
14.21347454,0.950049607651689,11.23579137,12.72840619,92.1193,10.6,12699,23,141.219,0.08404468,-0.266666681,36.56499863,0.068135,-1.03884,251.6275669,76.1
14.4196238,0.94829045493913,11.2018023,12.64553956,92.3237,10.9,12335,24,138.442,0.069020772,-0.255319148,39.22000122,0.094579,-1.01938,254.5930487,76
14.51159637,0.944814814058036,11.20756977,12.45157143,91.5626,9.2,13338,19,150.485,0.08081418,-0.574999988,35.25500107,0.005797,-1.02143,255.7676401,77.7
14.44856721,0.951818061518014,11.15038666,12.48819704,91.94532857,10.7,12997,21,154.704,0.105843019,-0.200000003,35.31862497,0.0423715,-1.1336,255.7443826,79
14.44089035,0.952712166939024,11.10155717,12.45424884,91.94532857,11.8,11980,22,158.1277667,0.101995841,-0.391184816,35.31862497,0.0423715,-1.03599,258.1316594,78.6
14.56965525,0.946848441653307,11.15531759,12.35352133,91.94532857,10.6,10995,22,162.8954667,0.106919768,-0.450100001,35.31862497,0.0423715,-1.132196076,255.4430968,80
