STATE,YEAR,Inflation_pegged_2019,TOTAL_REVENUE,FEDERAL_REVENUE,STATE_REVENUE,LOCAL_REVENUE,TOTAL_EXPENDITURE,INSTRUCTION_EXPENDITURE,SUPPORT_SERVICES_EXPENDITURE,OTHER_EXPENDITURE,CAPITAL_OUTLAY_EXPENDITURE,MEDIAN_INCOME,ALL_STUDENT_TEACHER_RATIO,AVG_ALL_SCORES,ALL_STUDENTS
ALABAMA,2003,0.395,15.79630446,13.58224985,15.23594991,14.65604693,15.81591026,15.18411686,14.56807669,13.29194325,13.30972091,10.83934559,15.69279423,238.5595961,13.51354834
ALASKA,2003,0.395,14.50324183,12.79910963,13.94183703,13.10755392,14.62481864,13.87859556,13.48297412,11.2608991,12.75005827,11.16966021,16.62920792,248.0840746,11.80830781
ARIZONA,2003,0.395,16.02479568,13.84808201,15.21746108,15.20504391,15.97461208,15.18191218,14.82350478,12.95742736,14.00296524,10.93916004,19.90944991,244.1926287,13.751244
ARKANSAS,2003,0.395,15.32437174,13.18068146,15.02151092,13.38696182,15.32484182,14.71865714,14.12062054,12.38094975,12.75102944,10.68734343,14.86927135,243.2625086,13.01918936
CALIFORNIA,2003,0.395,18.23967573,15.90551347,17.66345965,17.16405918,18.23857224,17.53487994,16.98340114,15.24560527,16.14195374,11.1194828,20.64460756,238.8025748,15.66454268
COLORADO,2003,0.395,15.98851673,13.23266159,15.14727759,15.3058533,16.04827552,15.30174058,14.91376165,12.70651333,13.95132992,11.13238221,16.56047224,252.1206294,13.53030808
CONNECTICUT,2003,0.395,16.08856879,13.10143877,15.05742977,15.56595306,16.05821633,15.46252265,14.81705913,12.77136763,13.53197806,11.22825219,13.47699546,255.2024757,13.25343199
DELAWARE,2003,0.395,14.36547894,11.76228609,13.91832744,13.11551863,14.42410075,13.75387535,13.14780829,11.21844171,12.38375665,11.11376047,15.11327618,247.5297996,11.66428941
FLORIDA,2003,0.395,17.12137182,14.81971699,16.31047906,16.33489335,17.15310402,16.41251926,15.92981625,14.35156947,15.22140334,10.8844043,18.37518991,244.6087263,14.74764669
GEORGIA,2003,0.395,16.75293053,14.19907242,16.02812938,15.92693313,16.75233707,16.14350221,15.43374742,13.71743742,14.68225274,10.96959387,15.57631919,242.8818236,14.21831346
HAWAII,2003,0.395,14.88023282,12.37866332,14.77611616,10.80118428,14.61990249,14.03015395,13.49818126,12.10000463,11.3845619,11.16960382,16.7528479,237.9575648,12.12176126
IDAHO,2003,0.395,14.67075434,12.33151229,14.14240903,13.51245443,14.69475661,14.06983135,13.47561713,11.48444821,12.46558959,10.96804311,17.89032815,250.1838895,12.42361655
ILLINOIS,2003,0.395,17.12532877,14.63004316,16.0642442,16.56574497,17.20608697,16.49116542,15.99470392,13.80133801,15.15196638,11.0316101,15.90423973,248.3848049,14.54988941
INDIANA,2003,0.395,16.25814242,13.60873396,15.66790133,15.27761533,16.4285113,15.71407489,15.19536917,13.17469432,13.99687137,10.96930113,16.74017809,251.0319406,13.81937807
IOWA,2003,0.395,15.62426646,12.959938,14.82882551,14.88815278,15.65647218,14.91722765,14.33770297,12.89242283,13.3697914,10.94445307,13.94758916,246.1004756,13.08613498
KANSAS,2003,0.395,15.55175309,12.98093123,15.02289865,14.45588011,15.4883255,14.87517502,14.32746204,12.36022908,12.70301008,11.01101003,14.4275036,254.4681631,13.06252207
KENTUCKY,2003,0.395,15.73191463,13.46269805,15.21460804,14.52955007,15.69607258,15.13737946,14.53623075,12.88423267,12.08492339,10.83073801,16.25060253,244.8376382,13.40117926
LOUISIANA,2003,0.395,15.84920364,13.84605316,15.11879935,14.89046517,15.85593501,15.25020916,14.64642313,13.06283427,13.25608708,10.73330494,14.59118693,238.7551002,13.50143523
MAINE,2003,0.395,14.91971849,12.33756054,14.01396803,14.26608223,14.91578587,14.37561624,13.58478669,11.6162935,12.16584329,10.83551383,12.13618816,248.6659449,12.22752587
MARYLAND,2003,0.395,16.31184052,13.58822803,15.34758722,15.71961502,16.31545873,15.70414227,15.11570474,13.19631866,13.7551431,11.17882242,15.65026543,248.4773751,13.67249779
MASSACHUSETTS,2003,0.395,16.59870569,13.80941136,15.70815504,15.96024693,16.5804731,16.02343701,15.38507776,13.11667253,13.2912507,11.15250064,13.24533107,255.5496126,13.79835321
MICHIGAN,2003,0.395,17.06554626,14.45368578,16.56680699,15.9239419,17.12802667,16.31460604,15.96399603,13.97970463,15.04593359,11.02870931,19.92477259,248.9376063,14.39501861
MINNESOTA,2003,0.395,16.28664559,13.37998668,15.95085278,14.81944815,16.33880297,15.61136774,14.90496489,13.66048011,14.3341573,11.18849642,16.0371724,255.6765364,13.64932728
MISSISSIPPI,2003,0.395,15.33036864,13.42046757,14.71056096,14.17155102,15.31317728,14.68032239,14.11305651,12.55679224,12.82938414,10.70978483,15.59101842,238.8196576,13.10754411
MISSOURI,2003,0.395,16.17952262,13.56810779,15.38120107,15.43820495,16.21596129,15.55645691,14.9962117,13.34712009,13.88322515,11.00031492,13.58722664,250.5135853,13.71734521
MONTANA,2003,0.395,14.335384,12.38709129,13.55649402,13.41550606,14.34304946,13.77313536,13.19343578,11.12365575,11.57115933,10.75109251,14.47548736,249.4694419,11.91835724
NEBRASKA,2003,0.395,15.10423598,12.66056946,14.01911031,14.55137029,15.11309189,14.49547726,13.76745197,11.96044237,13.03897236,11.00516182,13.56279998,251.8457329,12.56165399
NEVADA,2003,0.395,15.17033922,12.49730617,14.65704381,14.06903596,15.25002208,14.48962307,13.88422456,11.72911751,13.59781582,11.03230568,18.43986426,241.0280377,12.81990061
NEW_HAMPSHIRE,2003,0.395,14.85575186,11.85867687,14.10494513,14.11777771,14.90104861,14.2615765,13.58634921,11.34873278,12.61038964,11.2391463,13.86599452,257.5011911,12.24371038
NEW_JERSEY,2003,0.395,17.13333102,13.92240359,16.24458243,16.53278275,17.13473983,16.4678464,16.00922445,13.75871675,14.63480654,11.24770914,12.77931666,252.4088204,14.12844947
NEW_MEXICO,2003,0.395,15.11396652,13.19002321,14.79310691,13.06171137,15.1260316,14.36317033,13.98788522,12.11719725,13.23062814,10.77989335,15.12535424,239.1718967,12.67680726
NEW_YORK,2003,0.395,17.78686128,15.10061482,17.0111553,17.03499358,17.87658663,17.35869912,16.45107456,14.29417233,15.65018462,10.97780715,13.69311038,248.2195919,14.87615545
NORTH_CAROLINA,2003,0.395,16.44167027,14.03074243,15.93520249,15.26286994,16.44995653,15.85639689,15.14967966,13.51105951,14.08706134,10.83999259,15.23722299,252.9661823,14.1051562
NORTH_DAKOTA,2003,0.395,14.02387636,12.07711412,12.96634694,13.35043713,14.03778398,13.34704878,12.71893168,11.33512758,11.63527167,10.92063668,12.90232731,254.0494223,11.5543073
OHIO,2003,0.395,17.0398173,14.24130224,16.20828034,16.3540825,17.08014258,16.34104015,15.95629957,13.92642325,14.99175505,10.99477307,14.66264397,251.8922132,14.42434363
OKLAHOMA,2003,0.395,15.63608986,13.57565785,14.96941092,14.61218679,15.62465475,14.91785279,14.48630975,13.35831949,12.96819101,10.80234724,15.36857129,241.7227614,13.34478347
OREGON,2003,0.395,15.67272477,13.25052374,15.00199869,14.75627582,15.75358664,15.04792181,14.58417682,12.40923985,13.64760889,10.9505609,20.42582762,251.3868412,13.22504812
PENNSYLVANIA,2003,0.395,17.13466982,14.49881111,16.08176209,16.58894368,17.17497964,16.46599641,15.90033744,13.9379444,14.7628076,10.98119961,15.36283148,250.242539,14.4125581
RHODE_ISLAND,2003,0.395,14.69540147,11.93209849,13.81040737,14.04952011,14.64689766,14.11969681,13.50543176,11.40355592,10.68618289,11.02177174,14.21981065,242.5974569,11.97794796
SOUTH_CAROLINA,2003,0.395,15.89057268,13.52358164,15.16434229,15.02902708,15.94428046,15.20913123,14.69729372,13.02213676,14.00391316,10.8716684,14.92378946,248.307798,13.4507876
SOUTH_DAKOTA,2003,0.395,14.11358369,12.24122118,13.03541786,13.43240668,14.14220882,13.45421725,12.92921023,10.99470809,12.04669328,10.8984046,14.04861186,251.5328451,11.77565889
TENNESSEE,2003,0.395,15.93929006,13.6515595,15.12255283,15.15541354,16.01753759,15.43532117,14.68895793,13.07269345,13.69576964,10.84651758,15.81545386,244.4021672,13.74036451
TEXAS,2003,0.395,17.70783714,15.36037035,16.76399099,17.04475472,17.76830068,17.03932541,16.47705082,14.69717993,15.70952495,10.89204313,14.75748904,248.9331706,15.26473817
UTAH,2003,0.395,15.20467397,12.81291779,14.622901,14.15377851,15.23287574,14.5595645,13.79902904,12.56437649,13.3917875,11.11897876,21.82743698,249.104655,13.10065341
VERMONT,2003,0.395,14.52077579,11.62212618,13.89881991,13.62431003,14.51371523,13.73742318,13.08473599,10.71537631,11.07818619,10.98881195,11.70428471,254.4297403,11.51270544
VIRGINIA,2003,0.395,16.50017701,13.78989406,15.55639233,15.89197702,16.52300175,15.88205693,15.30664782,13.29493175,14.21547934,11.22493668,11.78183328,252.1218642,13.97867393
WASHINGTON,2003,0.395,16.29616336,13.79525097,15.82255664,15.076189,16.32342791,15.61454672,15.07042287,13.222276,14.32217423,11.08245019,19.16412668,250.3551178,13.83020014
WEST_VIRGINIA,2003,0.395,15.06377808,12.8296571,14.5670153,13.8064624,15.07442581,14.49934068,13.87644794,12.34339612,12.35404011,10.71085588,14.03921666,244.7016545,12.55127452
WISCONSIN,2003,0.395,16.33798899,13.51355312,15.72492892,15.41911282,16.35978215,15.72630846,15.16275229,13.08802733,13.8380082,11.05601968,14.59354144,252.8689415,13.68907507
WYOMING,2003,0.395,14.10991359,11.67512645,13.43341905,13.20354243,14.06013644,13.40068967,12.91833115,10.55875528,11.94396241,10.97234485,12.9601412,251.1931454,11.38640941
ALABAMA,2005,0.315,15.86259745,13.68276749,15.26725178,14.77066471,15.86508977,15.2055964,14.645536,13.3184655,13.41980719,10.77655758,14.15164554,242.0200316,13.50099158
ALASKA,2005,0.315,14.55918771,12.89481637,13.96007077,13.21746086,14.64994424,13.90261515,13.50789167,11.20304318,12.77518746,11.18499068,17.14414647,248.1023678,11.79787882
ARIZONA,2005,0.315,16.11090922,13.98126412,15.28937104,15.29302799,16.05461088,15.32007373,14.90689152,13.04265448,13.94001857,10.97368322,21.32007765,244.0490695,13.85789741
ARKANSAS,2005,0.315,15.47018673,13.28417738,15.18655453,13.46468078,15.47554358,14.84009328,14.24945981,12.48422499,13.15721416,10.76320793,14.82727156,244.8129742,13.04573068
CALIFORNIA,2005,0.315,18.2192487,16.05630055,17.64218259,17.09060262,18.28196835,17.52560443,16.98229261,15.23116746,16.41405157,11.10811015,21.05297269,242.4054056,15.67828084
COLORADO,2005,0.315,16.0223597,13.33909198,15.17281711,15.33727997,16.07506583,15.30734097,14.9410589,12.74334992,14.00486174,11.08254247,16.95950404,252.4803889,13.54890612
CONNECTICUT,2005,0.315,16.15604465,13.17694393,15.14924502,15.61780499,16.09783733,15.51914279,14.87786504,12.80700919,13.38973519,11.20174274,14.87811791,250.2302741,13.26627323
DELAWARE,2005,0.315,14.44821676,11.84985899,13.97785461,13.24700141,14.48149539,13.81725762,13.23184413,11.31011247,12.33418387,11.09800076,15.15924134,251.3075473,11.68764319
FLORIDA,2005,0.315,17.23420632,14.93457709,16.38599603,16.48241979,17.2614254,16.51157203,16.01745819,14.39903904,15.42533833,10.92255146,17.04292799,247.5339952,14.78603793
GEORGIA,2005,0.315,16.77887568,14.4080322,15.95328827,16.02091356,16.76298995,16.15444501,15.46412932,13.67083031,14.67429319,10.98860925,14.79647004,242.6723198,14.25598045
HAWAII,2005,0.315,14.91096062,12.64953816,14.77577941,11.10510864,14.6579539,14.09652838,13.50805979,12.108476,11.30015746,11.24899898,16.43504396,242.5157671,12.11825185
IDAHO,2005,0.315,14.67492868,12.43929042,14.1126242,13.54538872,14.6879194,14.07899684,13.45742496,11.52955753,12.38351955,10.94977092,17.94687785,252.1223207,12.45326079
ILLINOIS,2005,0.315,17.162558,14.69671754,16.05676205,16.62490096,17.18200514,16.49303921,16.02097979,13.80861031,14.84883957,11.04104808,16.00573077,248.3097046,14.55625815
INDIANA,2005,0.315,16.54492504,13.74533745,15.74266364,15.83331008,16.49371523,15.76527637,15.26128246,13.20648885,14.07209221,10.90960071,16.86422403,244.5149177,13.83663388
IOWA,2005,0.315,15.62365741,13.07855349,14.80812609,14.88787597,15.61530548,14.93230697,14.35272021,12.55173217,13.47003212,11.00103261,13.78560106,253.7524679,13.07803315
KANSAS,2005,0.315,15.53004264,13.0589495,14.94805969,14.49923388,15.4946098,14.86610091,14.31841877,12.39557072,12.91287609,10.89990099,14.24559699,251.5152048,13.05864798
KENTUCKY,2005,0.315,15.78391807,13.65272421,15.22766184,14.60610979,15.83866377,15.14178747,14.59667313,13.00042484,13.79017674,10.764329,16.27465451,245.568633,13.4221657
LOUISIANA,2005,0.315,15.87694371,13.92050245,15.11450743,14.94073329,15.87131912,15.27251173,14.70680164,13.07589836,13.04140333,10.77885212,14.72355261,238.9143271,13.49293472
MAINE,2005,0.315,14.93297651,12.46809479,13.97908025,14.29761508,14.93312662,14.39373891,13.61290853,11.74924716,12.03767648,10.94402925,11.93683958,252.6573792,12.20015517
MARYLAND,2005,0.315,16.38250997,13.6903581,15.40555758,15.79517818,16.36995917,15.7292057,15.16580831,13.19192486,14.0359148,11.26442564,15.70862598,249.9747792,13.67113313
MASSACHUSETTS,2005,0.315,16.65247022,13.81669694,15.78220141,16.0033168,16.63301661,16.06397282,15.41128625,13.15049897,13.87069607,11.18723688,13.29137999,257.785929,13.79078129
MICHIGAN,2005,0.315,17.03936964,14.50361613,16.48633572,15.97688464,17.10926037,16.3160566,15.95798594,13.91690867,14.75071577,10.98876128,17.40187603,250.0791365,14.37586322
MINNESOTA,2005,0.315,16.26152324,13.45265032,15.86638892,14.9377813,16.29570695,15.62358152,14.85833167,13.6533693,14.02465616,11.15453476,16.07806029,256.9697496,13.63937344
MISSISSIPPI,2005,0.315,15.38123282,13.49627703,14.7615261,14.21024983,15.37330538,14.74969173,14.181538,12.62483183,12.82248077,10.65429025,15.81609783,239.3717782,13.11307235
MISSOURI,2005,0.315,16.21051415,13.72407543,15.38153089,15.47717266,16.18993424,15.53029926,14.98652241,13.3074344,13.74506094,10.92246122,13.7508011,246.3364258,13.71618623
MONTANA,2005,0.315,14.34636646,12.43745578,13.54172102,13.44129195,14.32704672,13.76225743,13.20305209,11.15292106,11.27590317,10.7809335,14.34908059,255.3857784,11.89617905
NEBRASKA,2005,0.315,15.15255338,12.87184328,13.95989436,14.63230852,15.0858441,14.48643601,13.80357666,12.03337218,12.75882431,11.03117309,13.45644189,250.9572539,12.56291108
NEVADA,2005,0.315,15.3077098,12.70872077,14.78099077,14.21441919,15.33739624,14.59959628,14.01269617,11.93071528,13.55186786,11.03712909,19.09704057,245.1700546,12.8994273
NEW_HAMPSHIRE,2005,0.315,14.93637148,12.01752458,13.96032792,14.3728571,14.93661537,14.3213633,13.66019068,11.36620369,12.28011601,11.20436018,13.52150608,254.86402,12.23975884
NEW_JERSEY,2005,0.315,17.22598574,14.02528326,16.3237555,16.63467738,17.22585679,16.53823422,16.09191231,13.8883846,14.86849089,11.31053997,12.12924483,254.8841505,14.14721932
NEW_MEXICO,2005,0.315,15.18227371,13.35722634,14.83255519,13.17163799,15.1918506,14.42295536,14.04358178,12.18553825,13.32613374,10.82379023,15.00699494,236.1561677,12.69496549
NEW_YORK,2005,0.315,17.8720915,15.23865991,17.04440577,17.16100204,17.89793834,17.41677994,16.51449255,14.25670657,15.29614942,11.01547664,12.97429693,251.3111998,14.85802399
NORTH_CAROLINA,2005,0.315,16.496127,14.19969827,15.95199501,15.3536793,16.47975206,15.90746036,15.20119421,13.54498722,13.85599297,10.90058378,14.97303079,252.3548161,14.14175495
NORTH_DAKOTA,2005,0.315,14.05839305,12.18205568,13.01366795,13.35531971,14.0747431,13.39932117,12.7361162,11.35349922,11.66279627,10.90380688,12.4551425,255.4911224,11.51804235
OHIO,2005,0.315,17.07231027,14.43569058,16.20727098,16.39377991,17.07429965,16.36154197,15.96520057,13.90393409,14.80533115,10.95036785,15.58556666,250.1900066,14.42529352
OKLAHOMA,2005,0.315,15.67706045,13.70139978,14.98164891,14.66222271,15.6550395,14.92378865,14.53980992,13.32860833,13.16585815,10.78979319,15.57492082,247.2069879,13.35264301
OREGON,2005,0.315,15.70318544,13.39262767,14.98165587,14.82319239,15.81168141,15.07188552,14.60814399,12.38082351,13.08071365,10.94938448,20.14162809,251.7213661,13.22221776
PENNSYLVANIA,2005,0.315,17.20985059,14.64952742,16.1262875,16.6725656,17.23280633,16.51279656,15.98221834,14.00631229,14.73875514,10.99671872,15.08735052,248.7730274,14.41878172
RHODE_ISLAND,2005,0.315,14.73302681,12.164904,13.7981376,14.099452,14.67189296,14.11257144,13.60572164,11.49707806,10.18081811,11.0632263,13.28393175,246.8400549,11.96079851
SOUTH_CAROLINA,2005,0.315,15.93586489,13.64197829,15.13041691,15.14231968,15.97219449,15.2318673,14.73279458,13.0167155,14.02571176,10.85618736,15.00055421,247.7251723,13.46415856
SOUTH_DAKOTA,2005,0.315,14.14146897,12.35626035,13.04042755,13.4477483,14.14695837,13.47207346,12.94015297,11.02901243,12.00771929,10.92629813,13.54788173,255.385063,11.71829601
TENNESSEE,2005,0.315,16.00719029,13.85016194,15.17526292,15.20672958,16.04485701,15.50521131,14.73535405,13.11665544,13.36203915,10.83549414,15.679101,245.8003018,13.75479512
TEXAS,2005,0.315,17.72122541,15.49925752,16.65563668,17.11806417,17.78575189,17.03118825,16.48387693,14.72259948,15.81072554,10.88539747,14.95589838,250.3647363,15.29829962
UTAH,2005,0.315,15.24663054,12.96971557,14.63714661,14.20751774,15.24874663,14.57949227,13.82966675,12.67049661,13.32946177,11.16550754,22.59644636,250.6053413,13.12955148
VERMONT,2005,0.315,14.57711771,11.73563724,14.17597803,13.27554764,14.58070497,13.78821645,13.154452,10.78101157,11.32916127,11.08758923,11.27889908,256.1483763,11.49630816
VIRGINIA,2005,0.315,16.58936061,13.89919106,15.67281337,15.95868699,16.60584596,15.97110308,15.39759977,13.41640259,14.25512349,11.11117844,12.85301711,252.9128085,14.0017735
WASHINGTON,2005,0.315,16.30215891,13.8617563,15.81005706,15.10328685,16.33001468,15.62176305,15.07986823,13.24216036,14.34595882,11.08644099,19.20009412,251.8481017,13.83531809
WEST_VIRGINIA,2005,0.315,15.08299003,12.97813286,14.56398572,13.82076688,15.08211851,14.51080838,13.92934864,12.34216907,12.10176263,10.75739211,14.03592544,245.8125657,12.54300549
WISCONSIN,2005,0.315,16.34945353,13.5185451,15.65175432,15.5359711,16.33361462,15.72410331,15.16913035,13.12737113,13.33932912,10.96044417,14.28854447,251.3366767,13.67020382
WYOMING,2005,0.315,14.21347454,11.84958668,13.5545516,13.26810982,14.12239798,13.41697866,12.96465376,10.57129013,12.24711938,10.9619547,12.72840619,251.6275669,11.34726042
ALABAMA,2007,0.238,15.98473242,13.65659822,15.43288387,14.86583049,16.00259683,15.32468404,14.80567311,13.42401244,13.65477381,10.84443187,13.24744362,244.1377659,13.51930157
ALASKA,2007,0.238,14.61713656,12.76411651,14.08004014,13.26541448,14.69105375,13.95353714,13.59183057,11.22717968,12.67313782,11.24474532,16.77945084,250.3064047,11.79515269
ARIZONA,2007,0.238,16.19513533,13.98177041,15.46506536,15.30058797,16.19342568,15.40973663,15.00599386,13.12036022,14.39133776,10.95642233,20.29926841,242.9514329,13.88153142
ARKANSAS,2007,0.238,15.51423774,13.30269459,15.2286803,13.5400447,15.5933035,14.87819581,14.35005881,13.23150842,13.27518018,10.81027325,13.57716093,248.6027458,13.07403201
CALIFORNIA,2007,0.238,18.31282787,16.00313015,17.7745897,17.16376259,18.32255039,17.57531542,17.05697455,15.27245314,16.33745978,11.12230956,20.84404261,244.2743723,15.67286268
COLORADO,2007,0.238,16.06880029,13.39385395,15.225054,15.37763761,16.11333059,15.35934002,14.9385135,12.77987716,14.10912213,11.21489672,16.90388095,250.5170452,13.58487149
CONNECTICUT,2007,0.238,16.21653533,13.07852144,15.22268017,15.68292577,16.19065361,15.55735966,14.9466847,12.86407293,13.93816904,11.26279605,14.70279944,252.8076355,13.26229922
DELAWARE,2007,0.238,14.55664858,11.74734229,14.09849368,13.37672991,14.56269248,13.83673765,13.29838711,11.3457916,12.6255957,11.10155294,15.20950485,251.1715781,11.71385613
FLORIDA,2007,0.238,17.39279265,14.9408996,16.47819497,16.72568706,17.42518895,16.62992615,16.12537264,14.44448588,15.81954212,10.92586654,16.40464596,248.5566164,14.79815554
GEORGIA,2007,0.238,16.9057306,14.41797957,16.09677856,16.15406166,16.88487603,16.2810462,15.57066004,13.75106343,14.84964975,10.98619062,14.34154951,248.8209337,14.30357326
HAWAII,2007,0.238,15.12280612,12.66914496,15.01521587,10.98928177,14.81728508,14.19263989,13.71776494,12.14014027,12.04882493,11.2609451,16.03477952,245.9025987,12.10474842
IDAHO,2007,0.238,14.72811263,12.43434513,14.32031971,13.27566884,14.70219299,14.09585671,13.50170036,11.58414453,12.21857296,10.99728828,18.10291131,253.0898338,12.49642615
ILLINOIS,2007,0.238,17.20276706,14.65099559,16.05272209,16.70095734,17.18182567,16.48793003,16.04518874,13.84748586,14.76240394,11.06264603,15.02451272,244.4911434,14.56611311
INDIANA,2007,0.238,16.37646408,13.76134787,15.68235726,15.52624266,16.46805036,15.7357727,15.23829071,13.2264697,13.90985251,10.96145144,17.0498484,256.1292778,13.86042656
IOWA,2007,0.238,15.67661504,13.08889807,14.85284452,14.95513909,15.67746922,14.96808839,14.42119711,12.5194242,13.59456891,10.99166222,13.55066895,253.1830021,13.08802449
KANSAS,2007,0.238,15.64603676,12.96896498,15.08995519,14.61821117,15.60259689,14.98548141,14.37882059,12.41831403,13.17859369,10.98322279,13.3015837,255.3299023,13.05943636
KENTUCKY,2007,0.238,15.85785359,13.63976532,15.29794884,14.71816798,15.87772015,15.1872198,14.65891581,13.03878786,13.74891016,10.77680815,15.75135459,246.8889488,13.43447266
LOUISIANA,2007,0.238,15.98185547,14.23927352,15.09758993,15.09491672,15.92472789,15.26164612,14.79008736,13.01575721,13.54820035,10.82289343,14.70808035,243.6806417,13.42372792
MAINE,2007,0.238,14.96044754,12.41002945,14.10771817,14.25866522,14.94574916,14.40719414,13.68762245,11.83216008,11.63607114,10.97071237,11.5289433,254.30338,12.17554127
MARYLAND,2007,0.238,16.48645454,13.61602997,15.57333672,15.87406481,16.47493314,15.82592753,15.2828778,13.28399446,14.18644045,11.28574879,14.57214722,253.7349305,13.65491918
MASSACHUSETTS,2007,0.238,16.69677586,13.74691269,15.89855815,15.99866161,16.69035186,16.11513351,15.47553911,13.16649944,13.97878334,11.17011116,13.24085187,263.3894615,13.78366998
MICHIGAN,2007,0.238,17.05313843,14.46196997,16.46114614,16.06385638,17.01669967,16.29169082,15.93436936,13.89189278,14.51697836,11.00106597,17.57148832,250.4920786,14.35937784
MINNESOTA,2007,0.238,16.30046422,13.42441524,15.86436709,15.08673761,16.3345988,15.64802819,14.90663331,13.71550448,14.10061,11.1631552,16.202101,256.4329586,13.64182956
MISSISSIPPI,2007,0.238,15.46906227,13.69051786,14.82412469,14.28626668,15.45421819,14.79929927,14.28881874,12.6488505,13.06032047,10.72015682,15.30172174,238.3877772,13.11236557
MISSOURI,2007,0.238,16.21605222,13.71540733,15.32135124,15.54121268,16.25314738,15.5857598,15.03627125,13.3062072,13.95133264,10.93046061,13.63061862,252.6819057,13.73251257
MONTANA,2007,0.238,14.4171951,12.37159208,13.67586369,13.48634566,14.3953397,13.79797187,13.25989054,11.19580239,11.73232518,10.87802832,13.88901712,255.6502486,11.88046715
NEBRASKA,2007,0.238,15.20273182,12.81900344,14.02100782,14.69364535,15.16617737,14.54421893,13.86146325,11.99848587,13.05833209,10.9970873,13.40137005,254.4695026,12.56925636
NEVADA,2007,0.238,15.41682119,12.74833025,14.84735526,14.40845804,15.49834898,14.74540502,14.22467484,12.06230899,13.7159764,11.09177295,18.54225598,243.430585,12.95929371
NEW_HAMPSHIRE,2007,0.238,14.98456648,12.04165665,13.96380979,14.45177758,14.98766423,14.36234578,13.71973151,11.37839591,12.45882899,11.3149744,13.1209797,258.335801,12.22377503
NEW_JERSEY,2007,0.238,17.25953841,14.02074267,16.34166978,16.68225167,17.27051011,16.61306151,16.14721135,13.88745799,14.72088511,11.20449632,12.36720955,254.478879,14.14398662
NEW_MEXICO,2007,0.238,15.21470037,13.21812601,14.88789899,13.26960322,15.21668864,14.50542512,14.12712941,11.90818571,13.10400163,10.89395768,14.90824855,242.669148,12.70143939
NEW_YORK,2007,0.238,17.95616649,15.21358669,17.1577738,17.23368167,17.96580108,17.47790599,16.56572846,14.30559953,15.46790593,10.99240298,12.83653982,254.3435182,14.84857012
NORTH_CAROLINA,2007,0.238,16.59881504,14.19869481,16.04139399,15.50998139,16.57799077,15.97314331,15.30519505,13.58677023,14.18331897,10.8747777,12.86223999,252.615889,14.18326065
NORTH_DAKOTA,2007,0.238,14.07367321,12.13298714,12.99523329,13.41254563,14.07031761,13.38232038,12.76963849,11.36532364,11.6303962,10.95621296,12.07318596,253.9128553,11.4790584
OHIO,2007,0.238,17.12650314,14.40835197,16.26349844,16.45728891,17.0894307,16.35161523,15.96499813,13.89684569,14.98296952,10.99556185,16.62808825,256.1964869,14.42349302
OKLAHOMA,2007,0.238,15.73228766,13.59911519,15.05230578,14.75122622,15.73470319,15.01816335,14.57836306,13.38759305,13.33985656,10.86792062,15.14929157,249.608597,13.36827144
OREGON,2007,0.238,15.76041298,13.38733473,15.09667788,14.82361885,15.75799689,15.12732131,14.67537929,12.41661546,12.80391343,11.0184488,18.79004676,246.4091081,13.24027796
PENNSYLVANIA,2007,0.238,17.26117787,14.62865654,16.18000464,16.73168868,17.27265745,16.51346595,16.02147644,14.05125052,14.95844329,10.98198216,15.19778417,255.0168779,14.44201567
RHODE_ISLAND,2007,0.238,14.77126836,12.22820954,13.82786048,14.14029863,14.76249615,14.19251677,13.71661485,11.56856342,10.12861681,11.09458786,13.32150075,247.2907686,11.9290799
SOUTH_CAROLINA,2007,0.238,15.9933574,13.64440058,15.16697406,15.23172174,16.0651496,15.27650199,14.79805938,13.07440487,14.28393828,10.89073988,14.36614317,250.1163027,13.47022903
SOUTH_DAKOTA,2007,0.238,14.15702269,12.28085932,13.03919155,13.50277909,14.12119303,13.4737355,12.93652263,11.0389195,11.77873042,10.9394085,13.35810364,255.263715,11.70485076
TENNESSEE,2007,0.238,16.05945439,13.81288076,15.23563282,15.27306693,16.08539288,15.52707488,14.79185214,13.1485353,13.50704364,10.82003825,15.73546063,245.5072476,13.79364116
TEXAS,2007,0.238,17.82124052,15.51597152,16.7986273,17.2061911,17.85592645,17.07644554,16.55081486,14.75817339,15.92425041,10.93151642,14.75861947,253.3812479,15.34146012
UTAH,2007,0.238,15.325402,12.96164699,14.71104341,14.31739581,15.31507836,14.62589508,13.89159797,12.7065554,13.48287958,11.08194253,22.13984772,252.3548802,13.16807452
VERMONT,2007,0.238,14.63676912,11.69684964,14.24176392,13.34014536,14.61930181,13.80643027,13.20629158,10.84942473,11.37486316,10.96013136,10.76859691,255.9844587,11.46582338
VIRGINIA,2007,0.238,16.68058528,13.9126357,15.78618318,16.04260296,16.71691325,16.06120527,15.49642737,13.47318997,14.41667947,11.18197396,15.31522939,253.9262406,14.01472201
WASHINGTON,2007,0.238,16.36606652,13.80753653,15.87585212,15.19516246,16.39760498,15.66777258,15.1369705,13.25981933,14.51417272,11.16353819,19.10526022,255.2502841,13.84193241
WEST_VIRGINIA,2007,0.238,15.09560944,12.98933677,14.54614062,13.89514028,15.12202674,14.5041525,13.96825404,12.36642745,12.55441972,10.84155935,14.36046452,245.1786025,12.54944601
WISCONSIN,2007,0.238,16.34697245,13.47403863,15.67292166,15.51186354,16.33048001,15.72632739,15.17554282,13.16317007,13.26960963,11.03896201,14.83694089,253.4825214,13.68392014
WYOMING,2007,0.238,14.4196238,11.83124201,13.70378162,13.58969004,14.35855893,13.61608438,13.18180687,10.86729171,12.62941737,10.98830513,12.64553956,254.5930487,11.35267455
ALABAMA,2009,0.197,15.96751794,13.67896619,15.42110917,14.82671173,16.0514337,15.33986289,14.84186312,13.41732848,13.91731987,10.75587956,15.59387678,245.0844001,13.52203574
ALASKA,2009,0.197,14.76496024,12.83271243,14.30115569,13.27902781,14.8693016,14.11733066,13.81234681,11.34792693,12.80185092,11.18823357,16.48315882,246.8735443,11.78036912
ARIZONA,2009,0.197,16.17036646,14.03852256,15.33192457,15.36962946,16.2550476,15.45313042,15.08850285,13.20875645,14.26738384,10.89046039,19.88841963,246.1199216,13.89968349
ARKANSAS,2009,0.197,15.55413486,13.36892414,15.25676481,13.62157328,15.60823129,14.87825898,14.39590952,13.36620207,13.10315265,10.66585758,12.88856897,249.8151008,13.0793828
CALIFORNIA,2009,0.197,18.29883846,16.27210897,17.68631232,17.17876008,18.30969337,17.5681791,17.07234973,15.31958117,16.17927299,11.09525619,20.82196761,241.6952918,15.65962969
COLORADO,2009,0.197,16.11286958,13.41647074,15.28566791,15.41023923,16.15663722,15.40833928,14.99173688,12.88705416,14.02978645,11.09160533,16.80857225,253.9128537,13.61515903
CONNECTICUT,2009,0.197,16.26552187,13.08655245,15.27809282,15.7308103,16.22781913,15.61558754,15.0267942,12.88873997,13.72493003,11.23960642,11.70373274,254.9734121,13.24846373
DELAWARE,2009,0.197,14.53706764,11.78515898,14.04165707,13.41888515,14.58213962,13.86485349,13.29492151,11.47969917,12.62671736,11.02093795,15.07209805,251.7204274,11.73950311
FLORIDA,2009,0.197,17.27226615,14.98656614,16.19782697,16.68673124,17.35804292,16.62608611,16.08315404,14.43127157,15.50691435,10.88809092,14.11786801,253.1166752,14.78288216
GEORGIA,2009,0.197,16.88419066,14.49279456,16.04161258,16.14583517,16.94109004,16.30428613,15.63144388,13.81747185,14.99304227,10.83659607,13.93306911,250.8122529,14.31979
HAWAII,2009,0.197,14.98478021,13.06096847,14.78607101,11.60815503,14.83632316,14.3334463,13.66447354,11.95104607,11.31563298,11.08657885,15.89003984,246.2634431,12.09780792
IDAHO,2009,0.197,14.77569598,12.47562665,14.37345989,13.31003489,14.72694948,14.14170639,13.55870288,11.69848737,11.79881416,10.91292248,18.15757856,247.9653415,12.52471181
ILLINOIS,2009,0.197,17.29070004,15.2032467,16.05955028,16.75291555,17.3173456,16.59950682,16.16609219,13.92592531,15.05485146,11.03534117,15.62007752,253.0855455,14.56678843
INDIANA,2009,0.197,16.56022888,14.33453961,15.7540157,15.75158372,16.41288409,15.70881912,15.29873754,13.25424707,13.88955505,10.85861431,16.69347993,254.1120773,13.86062445
IOWA,2009,0.197,15.74144915,13.15401121,14.92959833,15.00904547,15.74142594,15.06491609,14.47478096,12.50803348,13.59833638,10.99384923,13.55799338,252.1081613,13.09716659
KANSAS,2009,0.197,15.72080762,13.02460847,15.18666782,14.66054623,15.75796015,15.05419648,14.45175143,12.49900098,13.95342411,10.86786344,13.12766491,253.1420625,13.06274075
KENTUCKY,2009,0.197,15.89846911,13.66682075,15.34869718,14.74508568,15.91680094,15.23896212,14.71350189,13.1074532,13.66698324,10.8208577,15.42035856,252.1408865,13.41507777
LOUISIANA,2009,0.197,16.07283741,14.20903535,15.26758725,15.15138846,16.08149288,15.39453587,14.92856454,13.09955631,13.80221742,10.88374789,13.87028374,243.4531254,13.4369887
MAINE,2009,0.197,14.9596961,12.58908903,14.09711994,14.23506374,14.96022091,14.32005392,13.84183509,12.08733678,11.76985307,10.92827388,12.12512569,255.0747068,12.17010862
MARYLAND,2009,0.197,16.57159339,13.63126394,15.73531382,15.90573452,16.54145608,15.92675561,15.3776334,13.28266458,13.95571563,11.22930181,14.31728877,255.7681291,13.64574307
MASSACHUSETTS,2009,0.197,16.72305252,14.16226699,15.78282756,16.09234666,16.71496606,16.17980025,15.52704576,13.21168144,13.46670083,11.15135283,13.62126765,262.9145297,13.7735525
MICHIGAN,2009,0.197,16.97170844,14.73474601,16.31090335,15.99562058,16.99068869,16.23844906,15.84441683,13.85129463,14.24254447,10.89601684,17.51821559,249.9093645,14.32228057
MINNESOTA,2009,0.197,16.33268104,13.44316561,15.8810019,15.15450095,16.41067474,15.75593949,14.9931739,13.77594959,14.16676484,11.0944663,15.74982574,255.14113,13.63644131
MISSISSIPPI,2009,0.197,15.47513668,13.60313937,14.84306803,14.31897792,15.51106175,14.83590861,14.32615603,12.70766655,13.2896496,10.62507641,14.74794652,242.619309,13.10615676
MISSOURI,2009,0.197,16.24372396,13.71911424,15.36325289,15.56116625,16.32039009,15.63919286,15.10159226,13.37166496,14.10875142,10.95460634,13.49512608,254.4081993,13.72981214
MONTANA,2009,0.197,14.47027973,12.36418213,13.72768089,13.56000191,14.47928791,13.83961392,13.32178637,11.29186326,12.15112398,10.76726319,13.55679755,258.5461837,11.86287082
NEBRASKA,2009,0.197,15.25449456,12.78376746,14.1631932,14.70924548,15.25486979,14.63054351,13.89626085,12.06427296,13.27848934,10.97140005,13.26517659,251.8572536,12.58652759
NEVADA,2009,0.197,15.48645645,13.13997577,14.81617213,14.55182735,15.51656521,14.75883164,14.30581139,12.04476603,13.53890474,11.0078168,19.70495158,247.5453062,12.97934945
NEW_HAMPSHIRE,2009,0.197,15.03070395,12.07710112,13.99756548,14.50638818,15.00961755,14.43120431,13.79941264,11.40265893,11.80927281,11.22843828,12.63865654,255.9609362,12.19568892
NEW_JERSEY,2009,0.197,17.27286658,14.00978006,16.33728161,16.70964816,17.25899973,16.62002243,16.15717253,13.94697453,14.40028796,11.2384623,12.04240147,258.8645109,14.13862251
NEW_MEXICO,2009,0.197,15.30460109,13.34135059,14.95671545,13.43001902,15.36790848,14.58728141,14.15029476,11.97050441,13.75265724,10.84122662,14.46856517,244.443375,12.70759008
NEW_YORK,2009,0.197,18.01862707,15.15780238,17.24447579,17.28815904,18.05320804,17.55624358,16.64008363,14.34262599,15.69345849,10.98385101,12.57475315,253.6636549,14.82368451
NORTH_CAROLINA,2009,0.197,16.73038223,14.31571612,16.1030105,15.75383548,16.69454495,16.06768813,15.34288797,13.70978995,14.49437429,10.80293727,13.57831512,250.3120239,14.21337687
NORTH_DAKOTA,2009,0.197,14.1352144,12.16458333,13.09730539,13.45485825,14.12395085,13.45030866,12.82516484,11.45366149,11.65168228,10.98102941,11.57902457,258.6869114,11.45876491
OHIO,2009,0.197,17.12118314,14.42142187,16.32028478,16.39520892,17.10561602,16.36877451,15.98975157,13.92212261,14.93224749,10.8935119,16.10317692,256.6513447,14.41278705
OKLAHOMA,2009,0.197,15.79204399,13.73262826,15.09892649,14.80440949,15.77734093,15.03804512,14.63485912,13.44691744,13.43096193,10.89349332,13.85213974,245.9531859,13.37717302
OREGON,2009,0.197,15.81320379,13.57418866,15.13230104,14.86458807,15.89967445,15.18661465,14.74739486,12.45681075,13.77604796,10.96132993,19.08307907,251.3748849,13.26280856
PENNSYLVANIA,2009,0.197,17.28207222,14.58928602,16.28365906,16.70909502,17.30326568,16.54507263,16.02834563,14.13997896,14.87574712,10.94229676,13.68480741,253.7749922,14.38932732
RHODE_ISLAND,2009,0.197,14.77452266,12.41654151,13.72753973,14.18464271,14.77069005,14.19758225,13.73790321,11.59284621,10.27231347,11.01168707,12.84393779,252.1588622,11.88684486
SOUTH_CAROLINA,2009,0.197,16.03261079,13.68690256,15.2913315,15.1833166,16.12681622,15.34449997,14.89686784,13.07508545,14.27203908,10.78354989,14.37922749,250.1674229,13.48438222
SOUTH_DAKOTA,2009,0.197,14.22554824,12.39529175,13.11053207,13.55556587,14.2371192,13.55823698,13.02760284,11.12661695,12.12750239,10.89235938,13.67687148,253.5948203,11.74743616
TENNESSEE,2009,0.197,16.08878376,13.85649671,15.33055897,15.23128028,16.14839011,15.56598636,14.90370447,13.22197775,13.5679403,10.76922156,14.97011983,247.1035913,13.78705964
TEXAS,2009,0.197,17.8683519,15.5873849,16.97639275,17.15083548,17.97641662,17.16903391,16.61995287,14.82362225,16.22508496,10.92771747,14.49245361,254.1771274,15.37410728
UTAH,2009,0.197,15.43964293,13.37025719,14.79463951,14.38717713,15.48141212,14.76979529,14.00392791,12.82519384,13.79881884,11.13638303,23.66225641,250.8691711,13.23529556
VERMONT,2009,0.197,14.5159271,11.71697786,14.28532637,12.58538517,14.50276025,13.84384658,13.27996687,10.98143274,11.24910952,11.02485562,10.68047,256.6608227,11.44705272
VIRGINIA,2009,0.197,16.7200056,13.90595883,15.83868642,16.07717513,16.73683446,16.09876009,15.56679625,13.44169676,14.34522077,11.17016751,17.30441784,256.4324025,14.02722505
WASHINGTON,2009,0.197,16.4823178,14.32133305,15.96193996,15.24614005,16.50008989,15.78443026,15.23801882,13.32082101,14.59360599,11.16836259,19.05302418,253.3140634,13.85185984
WEST_VIRGINIA,2009,0.197,15.12583134,12.96060657,14.57973048,13.94189656,15.13371568,14.56030012,13.98961771,12.37069621,12.14413156,10.7685692,13.99025187,244.5719764,12.55224412
WISCONSIN,2009,0.197,16.39241311,14.22526462,15.56082964,15.59420977,16.38229934,15.76301517,15.21394968,13.24729258,13.562709,11.00396477,14.70934833,254.3632744,13.68054957
WYOMING,2009,0.197,14.51159637,11.77278352,13.93956783,13.51997185,14.50103513,13.70079281,13.26684681,10.9412258,13.00782954,11.02775134,12.45157143,255.7676401,11.37551226
ALABAMA,2011,0.141,15.9457454,14.02166002,15.32507633,14.79501673,15.95048464,15.29394343,14.77854447,13.36606024,13.37503902,10.77172185,15.30596452,244.5098644,13.53520389
ALASKA,2011,0.141,14.80515649,13.0802769,14.29536673,13.29639455,14.84100993,14.14221073,13.85152898,11.43449215,12.23337802,11.07069263,16.16813371,248.7747865,11.79134477
ARIZONA,2011,0.141,16.07911584,14.16720476,15.06403187,15.36541963,16.10038838,15.32813749,15.02416635,12.89940044,13.6478283,10.90417458,21.42190123,249.3880802,13.88480432
ARKANSAS,2011,0.141,15.59151812,13.75749648,15.2560792,13.51372387,15.68250439,14.88714629,14.45162985,13.5567273,13.44630433,10.74101642,14.06695689,247.9585791,13.08593588
CALIFORNIA,2011,0.141,18.20943798,16.24902234,17.57847294,17.092016,18.19373286,17.48037925,16.95636255,15.19621647,15.82286806,10.99730503,24.11589751,244.8946711,15.65440454
COLORADO,2011,0.141,16.11618026,13.91622213,15.1984408,15.40236347,16.1080282,15.38356768,14.97880312,12.86349587,13.75789301,11.09134622,17.37255987,254.9451547,13.64509702
CONNECTICUT,2011,0.141,16.22807899,13.7194555,15.10602521,15.70553403,16.19228495,15.62711478,14.99279942,12.85007054,13.2859919,11.20086873,13.05070686,253.9953984,13.23666659
DELAWARE,2011,0.141,14.51225774,12.29810319,13.9573917,13.36215736,14.54013732,13.91104621,13.24856823,11.53474778,12.24639408,11.02124866,14.48595097,250.7988821,11.77068684
FLORIDA,2011,0.141,17.2228114,15.49718336,16.15229075,16.4869839,17.24295415,16.60657134,16.03650956,14.44036522,14.74360168,10.82909475,15.05243259,254.2183678,14.78755648
GEORGIA,2011,0.141,16.83945505,14.76594402,15.96131668,16.06009766,16.7915969,16.21658281,15.55787322,13.81343271,14.26105415,10.84817136,14.91261751,250.8750892,14.33255699
HAWAII,2011,0.141,14.86351154,12.89003069,14.68403888,11.18722967,14.7623839,14.17338239,13.7069784,11.93608123,11.48789598,11.09843979,15.76007266,243.0822696,12.098493
IDAHO,2011,0.141,14.68457108,12.71847367,14.22516327,13.20765262,14.62077736,14.04685636,13.45911279,11.63440639,11.46479437,10.87996987,17.60142262,255.0459066,12.52764514
ILLINOIS,2011,0.141,17.33206294,15.01036516,16.25306422,16.7557337,17.2982266,16.63092734,16.17437267,13.8669114,14.58127236,10.94478847,15.72876418,250.8859717,14.5534657
INDIANA,2011,0.141,16.44269785,13.97151197,15.94080679,15.27193618,16.35557918,15.67184085,15.21400514,13.25563551,13.77742296,10.81436365,18.01813458,252.9824446,13.86166105
IOWA,2011,0.141,15.75545355,13.43105471,14.87869507,15.03396478,15.74867879,15.04469069,14.44116569,12.47876956,13.79817405,10.93651188,14.31135197,251.3552916,13.11387747
KANSAS,2011,0.141,15.65920596,13.45655602,15.02758387,14.6313172,15.6812186,14.99115031,14.37313686,12.4355263,13.78698511,10.85193565,13.96212309,256.8635951,13.08922223
KENTUCKY,2011,0.141,15.90815654,14.09986887,15.25686944,14.75199282,15.92894799,15.24597053,14.75327791,13.0964186,13.63729297,10.70537702,16.01090723,253.3045756,13.41969078
LOUISIANA,2011,0.141,16.0297177,14.35105374,15.13199795,15.12801765,16.05384836,15.37354518,14.89629513,13.0479771,13.73624882,10.72531375,14.31625877,244.6906935,13.45390634
MAINE,2011,0.141,14.92362146,12.70709,13.98978618,14.22640629,14.95118046,14.30615384,13.81299241,12.01662855,12.14469632,10.92597445,12.29025695,254.8952935,12.14990962
MARYLAND,2011,0.141,16.54594408,14.17531903,15.65367875,15.84647927,16.53123935,15.92226233,15.37063167,13.21834278,13.93720265,11.25241748,14.58554366,258.3058988,13.65558943
MASSACHUSETTS,2011,0.141,16.6815676,14.12755397,15.70237971,16.07755718,16.66547543,16.10911596,15.46989729,13.13991652,13.74557848,11.16820732,13.89821072,264.3791793,13.77005597
MICHIGAN,2011,0.141,16.91134893,14.87386578,16.23443094,15.89375283,16.86356061,16.16648595,15.74323451,13.79959173,14.18915795,10.90945444,17.90974659,247.5319725,14.27739822
MINNESOTA,2011,0.141,16.33731245,13.7765158,15.78636271,15.27702058,16.3094463,15.67814526,14.87169715,13.73075601,13.96414983,11.0774392,15.91057135,259.0785486,13.63881753
MISSISSIPPI,2011,0.141,15.45520657,13.95385982,14.67567268,14.31123201,15.41662158,14.75307196,14.27902678,12.65367492,12.95020222,10.7358748,15.20783089,244.8786461,13.10323356
MISSOURI,2011,0.141,16.2415003,14.24362747,15.28986155,15.50391785,16.23412588,15.57682851,15.03774437,13.31562692,13.78468374,10.84382679,13.7665723,254.5392915,13.73072579
MONTANA,2011,0.141,14.43710546,12.61756587,13.61004179,13.52223392,14.45156945,13.84495646,13.33156277,11.32308138,11.68143244,10.71588336,13.67562366,256.7606671,11.86141802
NEBRASKA,2011,0.141,15.30309304,13.38874514,14.08984965,14.71490097,15.24932951,14.69027778,13.89813294,12.18197866,12.89668738,11.03857641,13.35859757,254.1152499,12.60652521
NEVADA,2011,0.141,15.3696988,13.14222342,14.80593783,14.2400136,15.39641597,14.71824119,14.26741362,12.04989556,12.81961961,10.87117457,20.01645644,245.3884162,12.98802938
NEW_HAMPSHIRE,2011,0.141,15.02820571,12.25876133,14.00663786,14.47876597,15.0464425,14.45069022,13.79131839,11.38844039,12.36870574,11.20794802,12.67220733,260.2605761,12.17927169
NEW_JERSEY,2011,0.141,17.21479114,14.19739116,16.18080347,16.696413,17.19454058,16.59451964,16.10323818,13.85250697,13.86109928,11.15268704,12.72701865,261.5636761,14.15380114
NEW_MEXICO,2011,0.141,15.22593824,13.49554421,14.80404552,13.4360632,15.2542438,14.50391113,14.0646563,11.98341483,13.46368299,10.75734954,15.06955119,245.7532642,12.73116206
NEW_YORK,2011,0.141,18.00360436,15.58027256,17.09105062,17.33001775,18.03249924,17.58062898,16.61884873,14.2958115,15.48510015,10.94477082,12.92477976,249.665011,14.82162554
NORTH_CAROLINA,2011,0.141,16.61530438,14.66376846,15.96079349,15.53132874,16.5696918,15.97111306,15.29385341,13.58545962,13.92774033,10.83133129,15.15497501,256.0551298,14.21469264
NORTH_DAKOTA,2011,0.141,14.21671273,12.26993439,13.48606248,13.23767148,14.21914056,13.53332947,12.92609211,11.49809232,11.86771005,11.05188951,11.44393159,259.4788778,11.47546241
OHIO,2011,0.141,17.10393325,14.87716814,16.23328529,16.35620948,17.08336174,16.35204816,15.97168333,13.88122561,14.86157649,10.81891791,16.05197529,253.0827667,14.37751834
OKLAHOMA,2011,0.141,15.71131269,13.91543878,14.95575961,14.70144434,15.6781837,15.00054264,14.54346088,12.94549075,13.27490994,10.90074979,15.98706811,249.4458261,13.39986026
OREGON,2011,0.141,15.75774887,13.78329188,14.9744467,14.85207295,15.79076056,15.12950779,14.67559351,12.45532955,13.17517979,10.96219756,20.30362226,249.7004536,13.254654
PENNSYLVANIA,2011,0.141,17.29705687,15.16287036,16.17325293,16.7111811,17.3081632,16.56932062,16.02022372,14.13566873,14.73092943,10.93033527,13.80390126,256.9220833,14.39955913
RHODE_ISLAND,2011,0.141,14.74147183,12.49545571,13.68437804,14.13764583,14.73539105,14.17854402,13.64177459,11.5810384,10.81760324,10.91261267,12.8251485,253.8164951,11.87613004
SOUTH_CAROLINA,2011,0.141,15.99804313,13.98814674,15.15300163,15.16897979,16.02202652,15.25298301,14.83467994,13.00159567,13.96341299,10.71107887,16.05466884,248.3310581,13.49508213
SOUTH_DAKOTA,2011,0.141,14.20797904,12.60951135,12.96564727,13.53283611,14.24797715,13.53419906,13.00748517,11.12994669,12.33615606,10.87498591,13.2603423,253.9087618,11.74505254
TENNESSEE,2011,0.141,16.10842483,14.18865447,15.32251658,15.1862512,16.14034689,15.54623031,14.91638116,13.21286503,13.53370915,10.76439242,14.83548959,247.3326597,13.80285279
TEXAS,2011,0.141,17.87969526,16.00385399,16.92413112,17.10789196,17.91187597,17.17247259,16.60947473,14.85334567,15.82782832,10.91288604,14.73361219,253.722226,15.4120081
UTAH,2011,0.141,15.36841403,13.25583123,14.66920469,14.4063324,15.3815273,14.71629022,13.96579371,12.79433871,13.42476874,11.03637244,22.8047908,251.6422249,13.28031027
VERMONT,2011,0.141,14.47007041,11.71083361,14.23197182,12.56313524,14.49120106,13.82906893,13.27764312,11.01780812,11.19313823,10.96869816,11.55536573,259.0588718,11.48100127
VIRGINIA,2011,0.141,16.63222074,14.30320088,15.62473217,16.01134586,16.63361653,16.00933912,15.4740296,13.40146357,14.01979861,11.15713584,17.63905037,255.0439587,14.03980545
WASHINGTON,2011,0.141,16.42445315,14.26049421,15.85821734,15.27708858,16.42633841,15.74037172,15.17918316,13.28232515,14.33086278,11.06052597,19.35302168,253.3119564,13.85836696
WEST_VIRGINIA,2011,0.141,15.19319484,13.27457291,14.6037567,13.98438381,15.24763972,14.64575282,14.09601838,12.39561435,12.63527095,10.75351027,13.90857518,247.3481026,12.55277452
WISCONSIN,2011,0.141,16.40394878,13.95032041,15.60124433,15.64017211,16.38459438,15.76198008,15.24727399,13.21209554,13.33477505,10.97246504,15.13717384,257.1096175,13.67887263
WYOMING,2011,0.141,14.44856721,12.0827951,13.81842136,13.46402195,14.45233384,13.75599238,13.30942308,10.99178829,12.49672354,11.01848159,12.48819704,255.7443826,11.39649277
ALABAMA,2013,0.102,15.88636254,13.70406085,15.27318989,14.82385636,15.92590442,15.23385777,14.75301539,13.36226835,13.4718382,10.70725887,14.35383392,247.5413232,13.52065213
ALASKA,2013,0.102,14.84681389,12.77612995,14.44763771,13.25240248,14.89319136,14.19378479,13.8949233,11.47268486,12.52034496,11.09756152,17.11610506,248.9580571,11.78667848
ARIZONA,2013,0.102,16.0124112,14.07675752,14.98906018,15.31179924,15.94086196,15.25395283,14.88483261,12.9150009,13.33007573,10.90842998,22.29310025,247.6472873,13.90112296
ARKANSAS,2013,0.102,15.53549395,13.3541888,15.25994259,13.47939749,15.5663483,14.84698951,14.4399276,12.64569627,13.28523101,10.67130148,14.24367928,249.3963256,13.0942869
CALIFORNIA,2013,0.102,18.14483639,15.97139933,17.47201173,17.16653442,18.15722659,17.44471314,16.93771026,15.15441411,15.73072362,11.03671059,23.65947888,245.6375176,15.65597304
COLORADO,2013,0.102,16.09043752,13.55061376,15.21930086,15.40256458,16.07585971,15.3695993,14.93282521,12.90540381,13.63561946,11.13344969,17.65186842,256.3213046,13.66881982
CONNECTICUT,2013,0.102,16.24665911,13.07917689,15.2660065,15.70678954,16.19081183,15.62863314,15.00006592,12.89065541,13.19379888,11.2007321,12.54125473,254.9420812,13.2194066
DELAWARE,2013,0.102,14.57039869,12.02279739,14.02963066,13.48991104,14.56736893,13.94306657,13.33439253,11.5870087,12.06706555,10.9398875,13.93820892,255.5566987,11.76776921
FLORIDA,2013,0.102,17.11869319,15.02021525,16.15924041,16.41398863,17.14128123,16.53971137,15.94370507,14.43701899,14.25725836,10.85327109,15.2498275,253.9949518,14.80585515
GEORGIA,2013,0.102,16.77252141,14.50368417,15.93825402,16.00114273,16.76435505,16.16977374,15.51326488,13.84252699,14.40296055,10.84388536,15.57475936,247.2005534,14.34809689
HAWAII,2013,0.102,14.7592649,12.74396082,14.58707196,11.06651395,14.76531364,14.16251778,13.65210722,11.97986247,11.9929717,11.10199042,15.916335,254.1399471,12.12681296
IDAHO,2013,0.102,14.61352144,12.47678285,14.1580549,13.21842352,14.58949042,14.02005567,13.45309869,11.68017508,11.14614194,10.93119443,19.55848959,253.0667961,12.55966183
ILLINOIS,2013,0.102,17.31576232,14.75041928,16.25276282,16.76704276,17.29763179,16.63952388,16.16494508,13.89872291,14.57666867,11.03093022,15.27538178,251.7634372,14.5444495
INDIANA,2013,0.102,16.41707796,13.89244783,15.92800032,15.23525913,16.32954653,15.62389738,15.19231227,13.27255681,13.76480525,10.90745944,17.39578921,255.4143354,13.85604675
IOWA,2013,0.102,15.7502214,13.13421974,15.04996149,14.90729546,15.75607812,15.06794144,14.4715002,12.54231468,13.66902694,10.9891328,14.24804961,256.2259041,13.12201332
KANSAS,2013,0.102,15.6473365,13.04708718,15.0738606,14.6317275,15.63915094,15.00093016,14.38012148,12.49807511,13.42908629,10.92574062,11.85754258,256.497262,13.1002057
KENTUCKY,2013,0.102,15.8889623,13.77076836,15.28908885,14.78293348,15.91599335,15.2110819,14.75586299,13.12973823,13.59664351,10.72586313,16.02000586,253.4539711,13.43741788
LOUISIANA,2013,0.102,16.00711261,14.11903987,15.1276684,15.17153339,15.98466137,15.28972513,14.89011755,13.08290719,13.47290985,10.66382598,15.29040352,245.896422,13.47429127
MAINE,2013,0.102,14.88732747,12.28537138,13.94138603,14.26660836,14.84299066,14.21367402,13.7705413,11.76574738,11.2582937,10.89888517,12.20194612,256.5747435,12.13209774
MARYLAND,2013,0.102,16.53837247,13.72441675,15.71988484,15.84309188,16.49924552,15.90093481,15.35813265,12.88518869,13.86720675,11.16285722,14.89363287,258.3708014,13.66426665
MASSACHUSETTS,2013,0.102,16.69237432,13.71181034,15.77338379,16.09510855,16.6977661,16.1206899,15.47288431,13.15131831,14.16195994,11.12699824,13.51675471,260.8316047,13.76922889
MICHIGAN,2013,0.102,16.81791554,14.40508953,16.20338872,15.822423,16.77302302,16.09706217,15.64878677,13.74830022,13.87442229,10.87219994,18.05345546,250.8780768,14.25722402
MINNESOTA,2013,0.102,16.29668437,13.47652015,15.8284475,15.13927272,16.3052476,15.67503727,14.88807237,13.75125769,13.92925837,11.09379744,15.77699857,262.2116447,13.6475699
MISSISSIPPI,2013,0.102,15.40420654,13.56665071,14.70721269,14.33334626,15.38741172,14.73433464,14.29461196,12.65416956,12.66017775,10.69435111,15.13638847,246.9486961,13.10958204
MISSOURI,2013,0.102,16.22552798,13.80077567,15.35615376,15.51683286,16.21539865,15.54961447,15.03822087,13.34512312,13.72996365,10.90266617,13.85547288,252.7034922,13.72984373
MONTANA,2013,0.102,14.42609124,12.35480935,13.67479751,13.51533525,14.4311459,13.81504429,13.30626577,11.31741116,11.71887071,10.77163791,14.01073933,256.7324354,11.86995635
NEBRASKA,2013,0.102,15.26593415,12.90817358,14.10927749,14.7397107,15.27695132,14.75354173,13.93891497,12.12904238,12.70275034,10.96923224,13.73147469,251.1549702,12.62315336
NEVADA,2013,0.102,15.33135042,12.97616679,14.85126545,14.08096047,15.31319024,14.63463329,14.24689778,12.12176141,12.40828433,10.79926941,21.53699332,248.8799764,13.00741706
NEW_HAMPSHIRE,2013,0.102,15.0033239,12.10407746,13.93252715,14.49615818,14.96991841,14.40912763,13.78424351,11.34201586,11.28968161,11.25165161,12.66182905,263.1056994,12.14936472
NEW_JERSEY,2013,0.102,17.24734208,14.0481109,16.30927102,16.68139899,17.25124623,16.65282818,16.12438192,14.11045809,13.84401147,11.10806517,12.37014174,260.2164798,14.13192804
NEW_MEXICO,2013,0.102,15.17070642,13.2573984,14.7888907,13.3975007,15.17578781,14.44901192,14.00476785,11.98388901,13.24725505,10.72513788,15.23463418,243.2489074,12.73145185
NEW_YORK,2013,0.102,18.00069407,15.11730693,17.07526853,17.39865249,18.01537898,17.56993978,16.61042041,14.29269978,15.29450359,10.97052317,13.09136811,255.0696748,14.81271857
NORTH_CAROLINA,2013,0.102,16.4565517,14.36999186,15.97848394,15.09360835,16.52641606,15.95143727,15.28829526,13.61697275,13.48654794,10.70308715,15.40175155,257.2632061,14.23321051
NORTH_DAKOTA,2013,0.102,14.25292294,11.98783771,13.53480873,13.35767862,14.32909177,13.58270162,12.99786289,11.55870625,12.41926982,10.95262945,11.6521693,254.2233421,11.5239742
OHIO,2013,0.102,17.0277742,14.45566654,16.10880751,16.38283519,17.00439751,16.29219683,15.91093234,13.82586405,14.60506269,10.82169644,16.31999306,256.3279258,14.36358341
OKLAHOMA,2013,0.102,15.68387272,13.57848394,14.97391038,14.73335014,15.66996832,14.94232418,14.5916911,13.00656168,13.32805925,10.7635465,16.12179142,248.9896214,13.42021803
OREGON,2013,0.102,15.71723037,13.16118702,15.02509493,14.8542023,15.74172415,15.09489592,14.6389958,12.43641382,12.84364106,11.01526283,22.24765857,252.6339288,13.28374046
PENNSYLVANIA,2013,0.102,17.26200244,14.63004429,16.19139657,16.72630639,17.26237004,16.65064781,15.95865258,14.07693317,14.31878481,10.97253371,14.32174562,257.2813922,14.38291139
RHODE_ISLAND,2013,0.102,14.73797826,12.26960638,13.74051354,14.13369144,14.71527229,14.14844904,13.64499048,11.57671254,10.56276968,11.04164102,14.43384921,252.5606706,11.86696394
SOUTH_CAROLINA,2013,0.102,16.02339117,13.70701065,15.2527005,15.19939855,16.01979064,15.28208476,14.87654071,13.06087412,13.75412208,10.76291159,15.31029433,249.5949287,13.50898268
SOUTH_DAKOTA,2013,0.102,14.1876998,12.27650111,13.01617122,13.57558707,14.19969114,13.50204604,12.97266073,11.17925387,12.19553619,10.98177808,13.97820201,254.5669001,11.77890626
TENNESSEE,2013,0.102,16.11075389,14.06604567,15.32304529,15.23295314,16.13706999,15.55961544,14.93525077,13.28680288,13.34127577,10.73393713,14.96088545,250.9768404,13.80898531
TEXAS,2013,0.102,17.81933687,15.65239214,16.85037204,17.13811303,17.83806451,17.10008513,16.5623909,14.86252408,15.61230923,10.95525279,15.51107886,252.120976,15.44036089
UTAH,2013,0.102,15.37143669,13.02048778,14.7172887,14.41649991,15.43534536,14.77179834,14.00565756,12.7394038,13.55345776,11.12705708,23.0470585,254.5051458,13.32657525
VERMONT,2013,0.102,14.509993,11.74717586,14.27144464,12.60696022,14.50548776,13.84606254,13.29432665,11.04838929,11.02710379,10.98889639,10.66604465,259.1547202,11.40337842
VIRGINIA,2013,0.102,16.64194773,14.01598686,15.68322809,16.03359448,16.66214401,16.04630015,15.49656556,13.44436015,13.99827996,11.1983517,14.15637537,256.640073,14.05091385
WASHINGTON,2013,0.102,16.4175288,13.95397113,15.88106736,15.30903121,16.40564014,15.6895093,15.24169333,13.291366,14.27936293,11.08055668,19.58506685,257.834029,13.86591276
WEST_VIRGINIA,2013,0.102,15.1614972,12.95335813,14.61939836,13.98568604,15.16221718,14.51598774,14.03492481,12.42130678,12.6562653,10.67934312,14.08098542,250.2256791,12.55335764
WISCONSIN,2013,0.102,16.31935235,13.72320892,15.63308207,15.45657663,16.29634685,15.64208596,15.17987666,13.21317016,13.26130743,10.99646734,15.15941226,255.46501,13.67904458
WYOMING,2013,0.102,14.44089035,11.73669364,13.78606901,13.55789189,14.42873517,13.74643155,13.30827356,10.95614494,12.3704841,11.00443046,12.45424884,258.1316594,11.42445484
ALABAMA,2015,0.083,15.89133562,13.66613169,15.30138344,14.80544454,15.91038838,15.23483578,14.77688684,13.37484588,13.22207939,10.76161937,17.41272566,245.9004648,13.52001672
ALASKA,2015,0.083,14.96716676,12.82845453,14.60158283,13.29799017,14.98324874,14.29039764,13.96182789,11.51757044,12.62909231,11.28490755,16.90612805,247.0920587,11.78429521
ARIZONA,2015,0.083,16.00309314,13.98493448,15.06835069,15.25741624,15.96243735,15.24237199,14.95309971,13.15893194,13.19741138,10.92193768,23.10040545,249.0399,13.92139644
ARKANSAS,2015,0.083,15.56457838,13.35294987,15.30014523,13.4676805,15.57244358,14.85857212,14.46771492,12.65873576,13.22494731,10.72243003,13.85595387,247.7817785,13.10403035
CALIFORNIA,2015,0.083,18.25512933,15.91763578,17.64146114,17.23920944,18.25663515,17.55757431,17.05232458,15.21815137,15.74745595,11.11911221,23.58055286,244.5800336,15.65798865
COLORADO,2015,0.083,16.16202695,13.56012797,15.36646106,15.41662089,16.15259076,15.41671262,15.04912915,12.97208878,13.81550944,11.16457294,17.29985862,252.528208,13.69785926
CONNECTICUT,2015,0.083,16.30217595,13.08347921,15.36623621,15.73614716,16.25067607,15.68805028,15.06893467,12.88173053,13.26129324,11.25486692,12.90187756,255.2842287,13.20427142
DELAWARE,2015,0.083,14.59689397,11.91143411,14.02831819,13.59034676,14.57586101,13.96513999,13.35730732,11.79756669,11.62347088,11.02216387,13.8921622,253.8087475,11.80590846
FLORIDA,2015,0.083,17.19002595,15.03245045,16.26189271,16.4748458,17.20129118,16.5986967,15.99768092,14.49197982,14.4150299,10.85417971,15.27881466,248.2076382,14.82963338
GEORGIA,2015,0.083,16.81758236,14.50022848,16.01281006,16.02853265,16.81307588,16.2059459,15.56748395,13.89151558,14.52601877,10.89319602,15.64941356,253.5922942,14.37194243
HAWAII,2015,0.083,14.88986044,12.54582297,14.7629958,11.12658508,14.81990276,14.2156704,13.71603512,11.96807862,12.07385743,11.13282104,15.63821788,248.9358166,12.11386963
IDAHO,2015,0.083,14.66903539,12.43616109,14.21820183,13.30521976,14.60304484,14.01818325,13.48427278,11.67593484,11.31400417,10.90991145,18.63557971,251.6251554,12.58068328
ILLINOIS,2015,0.083,17.36400286,14.71157978,16.3683299,16.78426481,17.37371356,16.74671318,16.22541573,13.88728896,14.61647032,11.06713824,15.47864898,249.6622722,14.53346693
INDIANA,2015,0.083,16.4174938,13.82254364,15.93338853,15.2434101,16.32697676,15.60677169,15.20685298,13.29288193,13.84222232,10.91685055,18.50251621,257.6649389,13.86074106
IOWA,2015,0.083,15.79950149,13.11535675,15.13674472,14.92313309,15.80813856,15.11427708,14.54351144,12.55685332,13.72407042,11.0744205,14.16068057,255.0480648,13.13292936
KANSAS,2015,0.083,15.68562588,13.15137962,15.27345958,14.33262846,15.71587165,15.01096236,14.42171987,12.51128444,13.85833981,10.97081555,13.20465078,253.5704132,13.11689847
KENTUCKY,2015,0.083,15.91664354,13.73150585,15.32477968,14.82075563,15.91744016,15.23228346,14.77786613,13.13744035,13.38585055,10.71277197,16.55957035,253.9826967,13.44247392
LOUISIANA,2015,0.083,16.0292632,14.10678602,15.1423827,15.21240361,16.02790349,15.30645345,14.91564904,13.01833415,13.64721741,10.79287974,15.4684315,246.4197812,13.48255214
MAINE,2015,0.083,14.90305344,12.20178993,13.9543867,14.29722523,14.84928666,14.23663281,13.80135344,11.68378916,11.00721902,10.89295439,12.21619458,254.6554098,12.11434105
MARYLAND,2015,0.083,16.5688176,13.69577211,15.73064286,15.89738153,16.52589785,15.93464914,15.36735421,12.94359701,13.9446555,11.26448975,14.77362589,250.2655981,13.68142358
MASSACHUSETTS,2015,0.083,16.72758702,13.64542298,15.81340796,16.13572221,16.72682925,16.17506176,15.51325301,13.19784933,13.92920144,11.18339309,13.30165649,262.7852522,13.77035
MICHIGAN,2015,0.083,16.84105178,14.35438157,16.24760563,15.83153007,16.77123113,16.09699551,15.65990303,13.71117123,13.86218087,10.95867028,18.08504684,249.5274264,14.24594271
MINNESOTA,2015,0.083,16.35348722,13.43306561,15.91906851,15.14432773,16.37763835,15.72907533,14.97161186,13.78243735,14.17956922,11.19611663,15.3930785,260.3935283,13.66146737
MISSISSIPPI,2015,0.083,15.41963588,13.49829308,14.7389032,14.36219575,15.42662222,14.75003185,14.31746286,12.64038987,12.99824504,10.65572877,15.19342394,245.8577436,13.10403035
MISSOURI,2015,0.083,16.25830379,13.84247746,15.38614559,15.55036401,16.25045656,15.57937635,15.07905062,13.4093824,13.75492313,11.04678636,13.6259744,253.1871707,13.72971844
MONTANA,2015,0.083,14.48543985,12.35803525,13.73398228,13.5918283,14.48571803,13.83388914,13.35343478,11.37482775,12.06818007,10.9054788,14.1220934,251.3711531,11.88125622
NEBRASKA,2015,0.083,15.3418574,12.82924175,14.19543604,14.83298341,15.35009673,14.78998611,13.99293651,12.19734245,13.09515213,11.06815284,13.6001051,255.9682983,12.65279165
NEVADA,2015,0.083,15.36436771,12.96796968,14.90488306,14.08187695,15.32629454,14.67016807,14.27334218,12.14877295,12.31436592,10.91732233,21.20410036,248.3453118,13.03721717
NEW_HAMPSHIRE,2015,0.083,15.02440674,12.0928598,13.89530852,14.55177696,15.00865447,14.42420474,13.83163244,11.31269518,11.81959678,11.29237854,12.50067692,261.2349247,12.12632573
NEW_JERSEY,2015,0.083,17.27403495,14.03848316,16.33090109,16.71411699,17.25595853,16.62567347,16.13747916,14.13548845,14.15062081,11.19067955,12.17187861,256.9135523,14.15239628
NEW_MEXICO,2015,0.083,15.22751946,13.20167626,14.84909482,13.53022154,15.24244583,14.46837023,14.12341881,12.02726354,13.36292895,10.77524106,15.18746218,246.0279908,12.73777385
NEW_YORK,2015,0.083,18.04962188,14.94950424,17.14952162,17.44892113,18.07108698,17.6318255,16.64984815,14.32758039,15.40729418,11.0264672,13.45163067,252.5965405,14.82390087
NORTH_CAROLINA,2015,0.083,16.4714341,14.35870907,15.99604302,15.1145046,16.53862913,15.96970241,15.30192739,13.60314571,13.53692208,10.89377196,15.59492217,251.0279291,14.25305233
NORTH_DAKOTA,2015,0.083,14.39270198,12.05244326,13.83631472,13.28531386,14.48567425,13.70341288,13.1695421,11.69554188,12.70139795,11.01623283,11.77876008,255.2244052,11.57670745
OHIO,2015,0.083,17.08895369,14.41214467,16.21466414,16.42353728,17.01150055,16.34798016,15.88646277,13.81482908,14.45530978,10.94188972,16.19144622,253.5463807,14.36062746
OKLAHOMA,2015,0.083,15.70700172,13.522717,14.99153846,14.78689432,15.71734327,14.99415577,14.60893379,13.01356393,13.48542294,10.81771616,16.36461734,250.7830742,13.44228657
OREGON,2015,0.083,15.85698825,13.34551621,15.19761492,14.94487868,15.84281273,15.19020691,14.71607415,12.50882316,13.15608791,11.07407936,21.5911943,251.6658872,13.30687919
PENNSYLVANIA,2015,0.083,17.29534848,14.51468427,16.24970668,16.76182811,17.28607754,16.67147374,15.99898289,13.94433088,14.40399439,11.06673211,14.28473326,254.0811438,14.37121012
RHODE_ISLAND,2015,0.083,14.75689758,12.20632058,13.79979464,14.13692581,14.73959891,14.17443287,13.6627143,11.48961945,10.91713704,10.98593658,14.98864968,253.1507514,11.86329356
SOUTH_CAROLINA,2015,0.083,16.06543504,13.71628272,15.3049551,15.23785991,16.06810478,15.31186053,14.95757723,13.09009135,13.82064266,10.80236759,15.29101566,249.9083088,13.53648821
SOUTH_DAKOTA,2015,0.083,14.24248035,12.31949864,13.04102308,13.65021673,14.27695127,13.55185763,13.0425327,11.23781239,12.39283075,10.97445454,13.83282905,252.4712208,11.79840511
TENNESSEE,2015,0.083,16.14188653,14.01104883,15.37352705,15.2683893,16.15309755,15.57108373,14.94694055,13.3166709,13.30356409,10.82307285,15.23516772,249.4538659,13.81097529
TEXAS,2015,0.083,17.91310546,15.65842924,16.93821576,17.25505228,17.92515451,17.18162462,16.61295684,14.91905165,15.80703809,10.99969696,15.29189593,253.2046976,15.47064146
UTAH,2015,0.083,15.44388915,12.97948715,14.80669938,14.49239599,15.40772354,14.75714343,14.04944878,12.59108399,13.39478929,11.15948813,23.21827281,254.8985006,13.36228853
VERMONT,2015,0.083,14.58678892,11.64461701,14.3313045,12.83063458,14.57298207,13.87864042,13.32723031,11.11254182,11.06258403,11.05181022,10.55024753,256.0898358,11.37723174
VIRGINIA,2015,0.083,16.65888961,13.90737665,15.72628164,16.04758547,16.67488508,16.06497283,15.51967234,13.42919089,13.97841135,11.08473917,14.23156152,258.18096,14.06266825
WASHINGTON,2015,0.083,16.51333032,13.93101992,16.01075522,15.37211341,16.5075289,15.76842583,15.40169167,13.29180376,14.36591706,11.17424479,18.02771125,257.8373126,13.88656344
WEST_VIRGINIA,2015,0.083,15.14181823,12.88178013,14.57807264,14.02273772,15.13852971,14.49402873,14.04533999,12.44211026,12.4374036,10.72302506,13.99514406,247.4361779,12.54365141
WISCONSIN,2015,0.083,16.34946751,13.68992347,15.66497494,15.49538555,16.34224927,15.63982149,15.20136211,13.22854941,13.78411618,10.98096132,14.92791558,255.7487992,13.67789311
WYOMING,2015,0.083,14.56965525,11.77739574,14.00581774,13.57458148,14.55917294,13.78533021,13.32518109,10.9486843,13.00224398,11.07558262,12.35352133,255.4430968,11.45176257