PRIMARY_KEY,STATE,YEAR,ENROLL,TOTAL_REVENUE,FEDERAL_REVENUE,STATE_REVENUE,LOCAL_REVENUE,TOTAL_EXPENDITURE,INSTRUCTION_EXPENDITURE,SUPPORT_SERVICES_EXPENDITURE,OTHER_EXPENDITURE,CAPITAL_OUTLAY_EXPENDITURE,GRADES_PK_G,GRADES_KG_G,GRADES_4_G,GRADES_8_G,GRADES_12_G,GRADES_1_8_G,GRADES_9_12_G,GRADES_ALL_G,AVG_MATH_4_SCORE,AVG_MATH_8_SCORE,AVG_READING_4_SCORE,AVG_READING_8_SCORE
2003_ALABAMA,ALABAMA,2003,727900,5196054,567704,2966981,1661369,5298932,2817111,1521462,424662,432279,1852,56541,57323,59663,42005,466920,205907,674679,223.3446426,261.9390222,207.0838476,261.8708721
2003_ALASKA,ALASKA,2003,133303,1425948,259423,813371,353154,1610289,763525,514052,55715,247005,1883,9475,10115,11140,8651,82337,40238,124458,232.9916543,279.0250699,211.5471536,268.7724206
2003_ARIZONA,ARIZONA,2003,875111,6529894,740579,2912629,2876686,6210287,2810907,1964229,303924,864642,9376,76365,76207,76376,68815,613442,307272,930090,228.9113961,271.1773505,208.8728014,267.8089667
2003_ARKANSAS,ARKANSAS,2003,450158,3241275,379947,2394336,466992,3242799,1768713,972598,170767,247245,2573,36391,34070,37004,28840,281834,132712,417119,229.0065887,265.7715893,213.6153045,264.6565519
2003_CALIFORNIA,CALIFORNIA,2003,6226552,59815855,5795655,33617766,20402434,59749885,29561563,17030335,2995767,7341541,114939,456941,493415,500143,395194,3929869,1854518,5899326,227.4549818,267.0495006,205.6324371,255.0733796
2003_COLORADO,COLORADO,2003,751049,6297242,400219,2715219,3181804,6685029,3168745,2149761,236480,821129,19993,55913,56437,58897,48924,460419,221368,701780,235.1931161,283.3998585,223.660982,266.2285608
2003_CONNECTICUT,CONNECTICUT,2003,548466,6959891,351001,2481901,4126989,6751815,3721466,1951609,252325,539870,11823,42310,43494,45854,37229,353661,169409,534893,240.6152416,283.7298112,228.340615,268.1242349
2003_DELAWARE,DELAWARE,2003,111282,1242436,91986,794472,355978,1317447,673997,367660,53399,171247,642,7904,9097,10222,7292,74352,34770,109764,235.8594245,277.1583689,223.9288114,253.1725937
2003_FLORIDA,FLORIDA,2003,2536699,19549835,1956803,8689141,8903891,20180142,9622598,5938231,1225274,2924134,49588,191986,178109,205443,144764,1590802,755252,2395642,233.7288115,271.3714902,218.0144882,255.3201152
2003_GEORGIA,GEORGIA,2003,1495819,13524807,1051973,6551699,5921135,13516783,7352918,3615906,649880,1705482,36486,118849,117201,120694,81381,947846,419430,1403762,230.2549768,269.6770092,213.5972193,257.998089
2003_HAWAII,HAWAII,2003,183829,2078877,170377,1873318,35182,1602392,888473,521929,128941,63049,1175,13779,14538,14543,10627,115060,53519,169754,226.8346102,265.728581,208.2595675,251.0075004
2003_IDAHO,IDAHO,2003,248515,1685984,162530,994022,529432,1726941,924434,510284,69672,185850,2672,18590,18710,20091,17462,154162,76696,233530,234.9437647,279.9392668,218.2598855,267.5926409
2003_ILLINOIS,ILLINOIS,2003,2062664,19627346,1618724,6792637,11215985,21278177,10409933,6336325,706758,2727980,67148,146803,160246,160271,136974,1276380,606669,1950197,232.8567753,277.160081,216.304288,267.2180754
2003_INDIANA,INDIANA,2003,999713,8246076,582940,4569923,3093213,9777720,4785880,2848989,377679,859389,5561,72315,77484,81494,63632,638041,293532,937134,237.9682799,281.2209398,220.4064911,264.5320515
2003_IOWA,IOWA,2003,482210,4374803,304688,1974708,2095407,4517990,2157225,1208401,284796,459042,6907,35295,34290,38428,36834,282829,152565,442301,238.4766945,283.9533447,223.2711298,238.7007333
2003_KANSAS,KANSAS,2003,470264,4068800,311152,2397661,1359987,3818740,2068389,1196089,167265,235653,2446,33677,33799,36602,33819,275938,143559,421943,241.7473658,284.1910881,220.1432297,271.7909687
2003_KENTUCKY,KENTUCKY,2003,660782,4872025,503734,2904331,1463960,4700494,2688476,1473773,282473,127011,32034,48182,47890,50186,38834,394228,183599,609861,228.7263433,274.2784722,219.0444173,257.3013198
2003_LOUISIANA,LOUISIANA,2003,723252,5478321,739078,2638985,2100258,5515322,3009591,1645457,337709,409705,23187,56629,59928,60013,41270,456574,191319,671080,226.2477291,266.3283593,204.7294875,257.714825
2003_MAINE,MAINE,2003,203848,2162605,163516,874208,1124881,2154117,1255095,569146,79491,137716,1797,14021,14841,17321,14538,123589,62659,188045,237.6157104,281.9037733,223.8594938,251.2848019
2003_MARYLAND,MARYLAND,2003,866743,8700979,571108,3317403,4812468,8732518,4738579,2630831,385935,674852,21391,55485,65119,68967,55897,526636,260526,808553,233.0798523,277.7161125,218.6737598,264.4397757
2003_MASSACHUSETTS,MASSACHUSETTS,2003,967200,11591832,712487,4757632,6121713,11382398,6521028,3444135,356389,424368,22533,69704,73478,78635,62389,599893,288329,910755,241.6645274,286.5206945,227.6042594,266.4089689
2003_MICHIGAN,MICHIGAN,2003,1764327,18488359,1357006,11227903,5903450,19680370,8725075,6144707,844762,2453532,21724,130527,127659,139797,108688,1045762,514701,1582187,235.6869747,276.4418616,218.7890567,264.8325323
2003_MINNESOTA,MINNESOTA,2003,825674,8484497,463746,6064474,1956277,8938770,4318736,2130933,613899,1204124,10876,59330,60045,67909,72608,493843,278805,783524,241.9122956,290.680056,222.6089623,267.5048317
2003_MISSISSIPPI,MISSISSIPPI,2003,491623,3260771,482904,1754451,1023416,3205193,1702193,965269,203597,267397,2208,38340,38752,38231,25918,312062,127333,441603,222.8906005,260.9119336,205.4644068,266.0116896
2003_MISSOURI,MISSOURI,2003,921625,7622601,559732,3430809,3632060,7905481,4087984,2334521,448752,767068,11215,66509,66927,72806,61626,553887,273466,838568,234.8364254,278.7662503,222.2602301,266.1914352
2003_MONTANA,MONTANA,2003,149801,1205602,171819,553269,480514,1214879,687104,384824,48570,75983,664,10147,10779,12409,11258,89103,48092,137859,235.7549153,285.9280226,222.7465416,253.4482882
2003_NEBRASKA,NEBRASKA,2003,283934,2600831,225861,878715,1496255,2623966,1414919,683210,112145,329746,5920,20719,20480,22792,21872,168778,90125,264823,236.2541084,282.193756,220.6118021,268.3232652
2003_NEVADA,NEVADA,2003,369498,2778564,191839,1663026,923699,3009028,1406660,767835,88985,576610,2778,28596,30653,31392,18700,248787,104650,356215,227.5135983,268.0431377,206.9596827,261.5957319
2003_NEW_HAMPSHIRE,NEW_HAMPSHIRE,2003,203702,2028602,101294,957471,969837,2122604,1119824,570036,60830,214807,2221,9989,15810,17703,14445,129331,65325,196877,243.1101422,286.1984687,227.7895085,272.9066451
2003_NEW_JERSEY,NEW_JERSEY,2003,1350330,19785039,797717,8135014,10852308,19812932,10169992,6429003,677268,1626453,22746,93201,99937,103603,84539,811469,382910,1217125,238.7765412,281.4071199,225.073328,264.3782925
2003_NEW_MEXICO,NEW_MEXICO,2003,320264,2626262,383513,1905419,337330,2658140,1239571,851701,131177,399406,3976,23636,24382,25857,19505,198420,97034,299430,222.5180092,263.2729067,203.1853126,267.7113584
2003_NEW_YORK,NEW_YORK,2003,2879228,38033080,2591430,17509618,17932032,41603390,24786376,10000845,1156927,4489672,41456,188638,206912,219335,163362,1681670,820478,2543604,235.9300755,279.749257,222.1882071,255.010828
2003_NORTH_CAROLINA,NORTH_CAROLINA,2003,1314632,9907235,888996,5970302,3047937,9989670,5517870,2721749,528694,940500,11686,109336,105411,108717,75918,852997,386190,1250873,242.0401256,281.2403506,221.2205797,267.3636733
2003_NORTH_DAKOTA,NORTH_DAKOTA,2003,103785,882913,126023,306647,450243,895278,448720,239435,60008,81014,752,6891,7219,8245,8313,60227,34363,95342,237.5773868,287.1446405,221.6422457,269.833416
2003_OHIO,OHIO,2003,1803966,18018740,1097349,7844992,9076399,18760200,8958790,6097596,800930,2324140,26151,134036,136776,147064,127993,1118015,567226,1711392,237.7820679,281.6072954,221.8657991,266.3136904
2003_OKLAHOMA,OKLAHOMA,2003,624202,4426835,563974,2272785,1590076,4376502,2158574,1402007,453806,307213,30203,46542,44829,47258,38601,370640,174652,575495,229.0966213,271.9051513,213.5793571,252.3099157
2003_OREGON,OREGON,2003,552135,4592019,407432,2348070,1836517,4978764,2458415,1546156,175667,606048,399,38785,40903,44711,40702,336860,172375,509634,236.3059056,280.8924709,217.6145353,270.734453
2003_PENNSYLVANIA,PENNSYLVANIA,2003,1757066,19811545,1419644,6912678,11479223,20626459,10151195,5765734,810211,1848552,2588,118647,135765,150652,131199,1111329,582624,1696541,235.9470171,278.5377581,218.6984275,267.7869531
2003_RHODE_ISLAND,RHODE_ISLAND,2003,157286,1728055,109011,713197,905847,1646238,971700,525727,64258,31360,1473,10702,12429,13018,9957,99034,48166,148673,230.297962,271.9986944,216.4940152,251.599156
2003_SOUTH_CAROLINA,SOUTH_CAROLINA,2003,691736,5709707,535356,2761951,2412400,6024747,2888468,1731328,324241,865462,20107,50985,52715,53384,38273,429651,198455,648213,235.7932235,277.3004496,214.8077245,265.3297945
2003_SOUTH_DAKOTA,SOUTH_DAKOTA,2003,127632,965778,148498,328576,488704,993823,499480,295468,42694,122247,2132,9201,9140,10082,9566,74682,39522,116336,237.2648206,284.8817364,222.2731786,261.7116448
2003_TENNESSEE,TENNESSEE,2003,905050,5994756,608447,2648909,2737400,6482671,3621601,1716956,341055,635950,16786,73202,70446,72505,54115,573095,261405,851286,227.7550447,268.1757286,211.9475411,269.7303543
2003_TEXAS,TEXAS,2003,4201914,35143236,3360082,13675228,18107926,37333674,18009879,10264033,1731131,4764154,194150,323502,321788,324381,243490,2614932,1199167,4008249,237.3059218,277.052649,214.8080056,266.5661059
2003_UTAH,UTAH,2003,483066,2875622,263030,1607204,1005388,2957874,1508566,705128,205147,469251,8598,39348,36064,36386,34629,293799,142140,444537,234.7829509,280.6453697,219.2703384,261.719961
2003_VERMONT,VERMONT,2003,94901,1451171,79956,779124,592091,1440961,662999,345187,32289,46411,3027,6078,7049,8098,7614,57627,32091,92745,241.9260724,285.6455722,226.1217466,264.0255699
2003_VIRGINIA,VIRGINIA,2003,1175458,10504167,698716,4087720,5717731,10746679,5661291,3184333,425933,1069375,16524,86374,90729,95586,76477,733990,354832,1105346,239.2030891,281.6766434,223.3403592,264.2673651
2003_WASHINGTON,WASHINGTON,2003,1014577,8565636,702469,5334268,2528899,8802387,4332487,2514359,396084,1189781,11352,70663,75108,82274,74338,617233,322101,950686,238.2928395,281.1513644,221.0966951,260.8795721
2003_WEST_VIRGINIA,WEST_VIRGINIA,2003,281591,2497707,267470,1519848,710389,2524444,1420396,761887,164473,166233,7911,20946,20753,22255,18554,169974,82375,260260,230.7677485,270.7703534,219.1795245,258.0889914
2003_WISCONSIN,WISCONSIN,2003,875390,8931497,530014,4838109,3563374,9128279,4844788,2757563,346325,733156,26668,59372,61744,68663,69389,503772,290219,820659,236.755414,283.9158657,220.8334276,269.9710586
2003_WYOMING,WYOMING,2003,85966,962240,84308,489199,388733,915515,473447,292271,27608,110312,2184,6224,6174,7173,6500,51351,27703,81238,241.0857006,283.5033499,222.0751664,258.1083646
2005_ALABAMA,ALABAMA,2005,729342,5889966,665924,3247562,1976480,5904664,3053380,1744013,462605,511944,2623,58692,55919,59643,43452,466164,212414,681201,225.0712362,262.2111,207.752033,273.0457572
2005_ALASKA,ALASKA,2005,132568,1599739,302846,878731,418162,1751718,829666,559084,55782,268700,1914,9934,9495,10793,9578,79377,42063,123354,235.5107055,278.9587094,211.0613186,266.8787375
2005_ARIZONA,ARIZONA,2005,919875,7550109,897553,3320196,3332360,7136794,3423716,2264931,351097,861286,9979,83529,80458,80683,79180,645851,354901,1010731,229.8006731,274.30509,207.1427366,264.9477781
2005_ARKANSAS,ARKANSAS,2005,461667,3978240,447012,2995788,535440,3999608,2118580,1173643,200865,393713,10372,38070,34951,37279,29351,286781,138237,435390,235.545467,271.6363484,217.0715289,254.9985524
2005_CALIFORNIA,CALIFORNIA,2005,6307022,62171797,7148863,34912166,20110768,66196072,31070450,18046385,3132465,10223657,125099,458440,477828,489560,423241,3848455,1953077,5926631,230.3669575,268.5581286,206.5120265,264.1845096
2005_COLORADO,COLORADO,2005,765388,6910296,472246,2954915,3483135,7284280,3380399,2343655,260280,918985,23211,59398,57151,59929,51818,467266,229951,720428,239.2158745,280.8240073,223.65613,266.2255436
2005_CONNECTICUT,CONNECTICUT,2005,552512,7898694,401558,2886076,4611060,7452057,4177845,2200133,277388,496778,12774,41206,42876,44680,38662,345725,175354,533853,242.1207324,281.068953,225.7530197,251.9783912
2005_DELAWARE,DELAWARE,2005,112562,1431710,106513,894498,430699,1480157,761786,424220,62086,172879,680,8511,8896,10492,7555,75448,36298,112426,239.7169124,280.9535428,225.8384591,258.7212747
2005_FLORIDA,FLORIDA,2005,2645280,23216404,2328513,9940813,10947078,23857012,11270907,6876508,1363005,3803764,47240,203325,195265,208413,157545,1622830,801629,2471699,238.9306496,274.0483769,219.4652222,257.6917319
2005_GEORGIA,GEORGIA,2005,1552758,14724731,1375318,6449103,6900310,14492666,7886069,3954215,658022,1794894,38633,128397,119028,123678,87800,978416,453015,1470064,233.6357378,272.1915644,214.4309205,250.4310564
2005_HAWAII,HAWAII,2005,183185,2274166,236973,1986615,50578,1765805,1007207,559178,137949,61471,1412,14236,14127,13696,10899,111731,55258,168401,230.0968754,265.6293191,209.5787676,264.7581061
2005_IDAHO,IDAHO,2005,253782,1796035,192039,1023550,580446,1819519,989703,531569,77321,181622,2784,19987,19860,20674,17876,160058,79153,241995,241.6501157,280.9668966,221.8595114,264.0127592
2005_ILLINOIS,ILLINOIS,2005,2072437,21611180,1835598,7152163,12623419,22035569,11063949,6900767,755227,2137191,72131,147726,154372,160911,138518,1260190,631198,1963519,233.067494,277.6722389,216.48972,266.0093654
2005_INDIANA,INDIANA,2005,1014528,11653165,708922,5224277,5719966,11071431,5343758,3228234,413599,982893,10501,75519,79078,82021,67050,638447,310607,959555,240.0690988,281.7149455,218.0725333,238.203093
2005_IOWA,IOWA,2005,478319,4638125,363930,2051926,2222269,4599549,2323233,1301312,214893,538313,6826,37435,34160,38145,37611,281899,157322,446047,239.8808018,283.8109288,220.8094002,270.5087409
2005_KANSAS,KANSAS,2005,468481,4223632,356865,2360120,1506647,4076597,2174402,1257432,183824,308365,1837,34723,33229,35772,32870,272995,142349,417181,245.7820465,284.0300535,220.4687493,255.77997
2005_KENTUCKY,KENTUCKY,2005,674502,5444309,646215,3121503,1676591,5750671,2864633,1660844,336579,741433,38125,50266,47639,50701,39157,395406,190975,624506,231.4923054,273.9830272,219.9268179,256.8723815
2005_LOUISIANA,LOUISIANA,2005,717625,5975074,844640,2787542,2342892,5941561,3264689,1854202,362965,350658,23328,52937,53121,53832,36735,405817,172444,601589,230.2311964,267.7550308,209.1656583,248.505423
2005_MAINE,MAINE,2005,198745,2324789,197651,895595,1231543,2325138,1355800,620991,96318,128520,1894,13766,14198,16692,14683,117831,62007,181732,240.6914597,281.0585409,224.5777722,264.3017438
2005_MARYLAND,MARYLAND,2005,865561,9906219,670998,3729262,5505959,9782665,5154440,2934277,407619,947970,24219,56858,62347,68400,58766,507494,271449,803162,238.4217067,277.9307946,220.0295858,263.5170297
2005_MASSACHUSETTS,MASSACHUSETTS,2005,955225,12976279,761359,5434971,6779949,12726283,7203922,3750687,391078,803602,24617,68242,71410,76223,65635,582539,296511,903667,247.337049,291.5135411,231.2794393,261.0136865
2005_MICHIGAN,MICHIGAN,2005,1721351,19106382,1513264,10990030,6603088,20489512,9269314,6479470,841610,1937442,25009,131886,121830,134113,113351,1008809,538642,1572460,237.706003,277.346682,218.2606891,267.0031717
2005_MINNESOTA,MINNESOTA,2005,814660,8777363,529037,5912340,2335986,9082593,4637773,2157574,646632,937357,11633,59666,58563,65416,72173,486194,281486,779313,245.7461911,290.0749958,225.2265781,266.8312332
2005_MISSISSIPPI,MISSISSIPPI,2005,494382,3639643,552628,1958500,1128515,3610904,1935459,1096574,231190,281713,2488,40346,36787,38907,26383,308149,132192,442829,226.6988447,262.4562427,204.393607,263.9384184
2005_MISSOURI,MISSOURI,2005,902659,8340865,694008,3640728,4006129,8170965,4224716,2452665,457530,708726,17848,68221,66215,74436,62632,549073,282563,849484,235.0355476,276.4499393,221.1686228,252.6915933
2005_MONTANA,MONTANA,2005,146552,1293070,191687,578321,523062,1268328,721019,412180,53055,59998,798,10300,10527,12050,11095,86477,47562,134837,240.5754886,286.4320012,224.5521798,269.9834438
2005_NEBRASKA,NEBRASKA,2005,284553,2895640,295968,878576,1721096,2708776,1487488,751435,127968,264339,6463,21888,20290,21998,21419,166704,91591,264758,237.7061785,283.962991,221.3774628,260.7823834
2005_NEVADA,NEVADA,2005,399727,3381646,251421,1996995,1133230,3483540,1665706,926213,115483,584219,2812,29978,32222,33502,20501,262221,116375,381408,229.8715955,269.9055855,207.1869744,273.7160629
2005_NEW_HAMPSHIRE,NEW_HAMPSHIRE,2005,202223,2332695,125956,878957,1327782,2333264,1261140,651058,65668,163780,2525,10360,15151,17038,15001,125158,67112,194795,245.6259264,285.253357,227.4383241,261.1384723
2005_NEW_JERSEY,NEW_JERSEY,2005,1368959,23026334,937945,9340953,12747436,23023365,11575456,7408034,817943,2179605,26794,93151,98565,103587,92175,806925,407314,1241033,243.9789314,283.9026042,223.2983935,268.3566729
2005_NEW_MEXICO,NEW_MEXICO,2005,326102,2982991,480888,2102670,399433,3011696,1395996,955266,149000,466166,6070,25140,23987,25987,19119,198342,97206,301618,224.0272183,263.275163,206.7916207,250.5306689
2005_NEW_YORK,NEW_YORK,2005,2816426,43936450,3156023,19202847,21577580,45086872,27866708,11303872,1182179,3342778,40519,189924,196279,216226,173867,1626722,851404,2518645,238.1739767,279.7162537,222.6952,264.6593688
2005_NORTH_CAROLINA,NORTH_CAROLINA,2005,1347177,11098165,1116670,6440768,3540727,10917913,6160224,3039968,580213,791873,9847,116829,105392,111894,82267,876442,413318,1299607,241.2355493,281.8251366,217.1344487,269.2241297
2005_NORTH_DAKOTA,NORTH_DAKOTA,2005,100413,969520,148482,341066,479972,985502,501563,258404,64839,88341,1052,6579,7016,7993,7889,58007,32645,91704,242.7369951,286.9609534,224.8108467,267.4556943
2005_OHIO,OHIO,2005,1778784,19746239,1413888,8313858,10018493,19785561,9700668,6526386,830761,2046199,29791,135854,131691,144869,130436,1095686,578352,1703829,242.1059352,283.2517747,222.5332538,252.8690625
2005_OKLAHOMA,OKLAHOMA,2005,629145,4892548,678448,2440741,1773359,4785987,2303527,1569038,467321,397131,33418,48667,44194,47812,38013,372169,176683,582270,233.9553288,271.3599024,213.8614501,269.6512703
2005_OREGON,OREGON,2005,550502,5022050,498217,2440758,2083075,5597579,2671228,1680005,181133,364717,1049,39759,42071,44046,39414,338084,172185,511318,238.3249306,282.2373254,216.8999802,269.4232281
2005_PENNSYLVANIA,PENNSYLVANIA,2005,1755560,22657782,1750988,7667114,13239680,23183924,11284717,6638401,920319,1914407,8790,127065,131236,148957,135778,1089528,600857,1699175,240.5729633,280.7138351,222.7719804,251.0333307
2005_RHODE_ISLAND,RHODE_ISLAND,2005,153596,1903472,145957,747359,1010156,1790591,1023496,616544,74850,20070,1688,9580,11484,12470,10587,92602,49552,143842,233.4367723,272.3450181,216.4398673,265.1385618
2005_SOUTH_CAROLINA,SOUTH_CAROLINA,2005,701176,6337711,639308,2832245,2866158,6572191,3134658,1903030,342107,938347,21604,52805,50408,55701,40327,423621,203514,648739,238.3026753,281.2343211,213.2035072,258.1601855
2005_SOUTH_DAKOTA,SOUTH_DAKOTA,2005,124862,1053504,176738,350316,526450,1059303,539413,316892,46872,124727,1217,9470,8883,9576,8956,72843,38482,112542,241.5941861,287.303618,222.3986921,270.2437558
2005_TENNESSEE,TENNESSEE,2005,940769,6806262,787269,2962151,3056842,7067521,4120045,1907907,378064,483208,10190,76449,69773,72949,56949,575580,277352,863122,231.6880797,270.5245768,214.2212693,266.7672812
2005_TEXAS,TEXAS,2005,4334611,37783715,4095588,13017433,20670694,40302144,18950703,10963041,1883727,5592231,207967,350124,329969,335824,257151,2710248,1257055,4175270,241.9909163,281.102845,218.733824,259.63136
2005_UTAH,UTAH,2005,488055,3181279,326400,1729443,1125436,3188018,1632553,771298,241992,467720,3933,42307,38635,38463,36923,311404,150786,466123,238.7974238,279.1561234,221.3109271,263.1568908
2005_VERMONT,VERMONT,2005,92819,1628681,95016,1090494,443171,1634534,739981,392627,36577,63280,4061,6069,6549,7559,7499,54532,31856,90449,243.5288554,287.3564876,226.886251,266.8219111
2005_VIRGINIA,VIRGINIA,2005,1203697,12182657,826830,4871813,6484014,12385157,6565022,3699703,510204,1180309,19868,89427,88883,95716,78913,732004,372317,1124189,240.4975682,284.3716282,225.8137107,260.9683268
2005_WASHINGTON,WASHINGTON,2005,1019925,9141383,796450,5588494,2756439,9399603,4629347,2692637,428619,1292543,12735,72644,74401,81440,76505,614103,332503,959341,241.6846745,285.0522297,223.4863979,257.1691046
2005_WEST_VIRGINIA,WEST_VIRGINIA,2005,279456,2701056,329159,1607433,764464,2698703,1524187,852145,174265,137026,8942,21428,19999,22147,18022,166618,83677,259237,230.8432679,269.0994928,214.7670664,268.5404356
2005_WISCONSIN,WISCONSIN,2005,869301,9584108,565072,4770290,4248746,9433502,5128207,2944041,382137,472358,31218,60382,59984,66985,69665,492398,291176,814792,240.5685819,284.5415566,221.1642265,259.0723418
2005_WYOMING,WYOMING,2005,84146,1132160,106484,585789,439887,1033603,510498,324752,29657,158464,439,6381,6111,6819,6079,50375,27214,78028,242.9559138,282.1006096,223.262146,258.191598
2007_ALABAMA,ALABAMA,2007,743273,7069040,689072,4070949,2309019,7196459,3653466,2174210,546077,687816,3592,55972,57795,58792,46200,466414,216941,686947,228.520018,266.0001099,216.3889539,265.6419817
2007_ALASKA,ALASKA,2007,132197,1800616,282270,1052357,465989,1938755,927307,645857,60699,257723,1679,9625,9420,9953,10092,77676,42049,121404,237.2738932,282.5571541,214.4769544,266.9176171
2007_ARIZONA,ARIZONA,2007,969875,8724434,953861,4204089,3566484,8709531,3977800,2656438,403069,1436673,15854,86742,82876,81196,76275,668290,316376,1000520,231.9369335,275.5484264,209.5206243,254.7997475
2007_ARKANSAS,ARKANSAS,2007,474532,4415981,483689,3319030,613262,4779308,2337748,1378576,450454,470562,12795,38192,35710,35944,30708,288518,138921,440234,237.6706874,273.8998622,217.0278177,265.8126157
2007_CALIFORNIA,CALIFORNIA,2007,6288686,72516936,7200298,42333637,22983001,73225422,34685013,20655194,3467540,10058842,68002,454743,467305,490054,468281,3801685,2011865,5881552,230.0340912,270.381784,208.522186,268.1594281
2007_COLORADO,COLORADO,2007,790211,7689014,529854,3307016,3852144,8039146,3782300,2483095,286754,1083411,25649,61576,59449,58396,55334,478501,236141,740291,240.2058902,286.1927562,223.7326529,251.9368814
2007_CONNECTICUT,CONNECTICUT,2007,549230,8913149,386553,3299175,5227421,8685421,4610572,2503468,311943,913165,14180,39889,42488,43670,40927,339965,176592,530737,242.7556468,282.4727901,227.2036492,258.7984559
2007_DELAWARE,DELAWARE,2007,114678,1694929,102114,1071957,520858,1705204,825084,481610,68343,245757,583,8817,9085,10176,7681,75619,37555,113757,241.7948949,282.9920827,225.0705423,254.8287924
2007_FLORIDA,FLORIDA,2007,2656176,28898362,2489027,11578932,14830403,29849892,13476109,8136539,1515095,5992654,46917,197467,195859,193970,169832,1611475,810952,2469344,242.02025,277.3834973,223.5349268,251.2877915
2007_GEORGIA,GEORGIA,2007,1628409,17755989,1475463,7907177,8373349,17389530,9507096,4672304,757339,2271958,39908,129791,125404,124544,95443,1008878,471012,1519798,235.2090171,274.7786646,218.8881713,266.4078816
2007_HAWAII,HAWAII,2007,180728,2985593,256696,2681049,47848,2199604,1177781,732536,151243,138044,1531,15042,13652,13420,11234,108882,54246,164659,234.286135,268.7720134,213.496555,267.0556914
2007_IDAHO,IDAHO,2007,262935,2011951,202977,1338182,470792,1960472,1069134,590192,86738,163583,2880,21295,20658,20557,18598,166996,80948,250824,240.9028435,283.5075958,223.4040653,264.5448307
2007_ILLINOIS,ILLINOIS,2007,2101075,23897153,1862627,7566377,14468149,23401917,11692204,7509591,834000,2082140,77843,145755,152895,161310,144342,1249311,639896,1967050,237.2870413,280.497096,219.3868114,240.7936248
2007_INDIANA,INDIANA,2007,1034588,10458932,765168,5224450,4469314,11462062,5511104,3351081,448190,887670,10755,75445,78204,80850,71755,643350,317214,971319,245.144255,285.0072109,221.6730923,272.6925529
2007_IOWA,IOWA,2007,483122,5194536,390585,2279228,2524723,5198975,2557629,1480218,221002,647628,12487,37819,34590,36040,39114,279198,155611,447296,242.8195893,285.2269031,224.8947954,259.7907207
2007_KANSAS,KANSAS,2007,468974,5038100,346441,2889107,1802552,4823931,2602503,1418802,199749,427238,13477,35471,34383,34572,33149,276250,140893,430620,247.9236542,290.0325998,224.6583622,258.7049928
2007_KENTUCKY,KENTUCKY,2007,646360,6226696,677570,3557084,1992042,6351636,3184235,1877438,371495,755710,17985,49986,49250,49723,41958,401215,196772,615972,235.0879202,278.7047499,222.4323142,251.3308107
2007_LOUISIANA,LOUISIANA,2007,662302,7048732,1234006,2911249,2903477,6657341,3430268,2140586,363037,618284,26631,53062,56201,51355,37806,419856,181489,627976,230.0431193,272.3862996,207.4068055,264.8863424
2007_MAINE,MAINE,2007,193539,2538161,198101,1081891,1258169,2501127,1459635,710785,111153,91361,2635,13710,14238,15334,16322,114397,65503,182535,242.370604,286.4722531,225.5440458,262.8266171
2007_MARYLAND,MARYLAND,2007,851640,11674965,661677,4684827,6328461,11541225,6031042,3503877,474728,1170502,27179,59455,60281,65088,61767,489845,269221,786245,240.3282307,285.7342652,224.7812651,264.0959609
2007_MASSACHUSETTS,MASSACHUSETTS,2007,945070,14407777,754202,6485380,7168195,14315518,8053653,4248353,422102,951016,25853,67900,71443,73318,68757,572523,296032,894408,252.4303198,297.9233445,235.7534621,267.4507196
2007_MICHIGAN,MICHIGAN,2007,1686473,20576110,1541818,11383198,7651094,19839838,9608836,6721838,871870,1629007,27207,125592,118931,126608,126380,970882,549291,1547380,237.6055535,276.8305171,220.1184528,267.4137909
2007_MINNESOTA,MINNESOTA,2007,810104,9693509,546297,6267386,2879826,10030105,5048143,2405182,730882,1074228,12795,60140,59431,63189,74749,485245,279398,777438,246.9977624,291.8511165,224.9170043,261.965951
2007_MISSISSIPPI,MISSISSIPPI,2007,494135,4220926,712846,2214700,1293380,4158733,2160396,1296685,251539,379581,2805,38662,37274,37948,27688,306944,137033,446782,227.6123771,264.8909187,207.8095188,253.2382943
2007_MISSOURI,MISSOURI,2007,910142,8908844,730811,3641310,4536723,9245525,4743390,2738098,485391,925265,22691,67314,67996,68636,65443,541741,285442,849874,239.4111029,280.6195383,220.7768279,269.9201538
2007_MONTANA,MONTANA,2007,144258,1474306,190631,702476,581199,1442434,793711,463422,58824,100592,539,10601,10503,11180,11057,85165,46448,132152,243.6188113,287.075529,226.6665326,265.2401215
2007_NEBRASKA,NEBRASKA,2007,287135,3234014,298196,992032,1943786,3117931,1673992,845739,131267,378827,10091,22588,20519,21047,22400,167416,91149,268656,238.0408086,283.6505986,222.9025543,273.2840488
2007_NEVADA,NEVADA,2007,422782,4006081,277849,2266751,1461481,4346371,2047045,1216122,139918,731227,2834,31682,33760,34121,21828,271876,121752,396462,231.7816005,270.8040244,210.8190091,260.3177061
2007_NEW_HAMPSHIRE,NEW_HAMPSHIRE,2007,198625,2600123,137058,936882,1526183,2608190,1395619,733978,70608,208008,2614,10489,15026,16218,15959,121256,66413,190283,248.5715266,287.557061,229.0171734,268.1974428
2007_NEW_JERSEY,NEW_JERSEY,2007,1363804,25293076,991769,10101279,14200028,25572112,13250745,8316185,868012,1997462,28540,91115,98195,100884,97078,794703,411332,1234575,248.6215224,288.5834514,230.646972,250.0635701
2007_NEW_MEXICO,NEW_MEXICO,2007,327816,3272953,444466,2360542,467945,3279467,1610295,1103097,119933,396529,5378,25796,24452,25063,19594,198544,99322,303244,228.0643128,267.5380787,211.6318846,263.442316
2007_NEW_YORK,NEW_YORK,2007,2754976,50762544,3269310,22845772,24647462,51253984,31465706,12638159,1318628,4216048,48561,184672,191647,205135,185680,1571259,852342,2472162,242.5430182,280.1411772,223.7520273,270.93785
2007_NORTH_CAROLINA,NORTH_CAROLINA,2007,1416028,13063307,1184934,7481148,4397225,12794086,6987589,3582953,642597,1166854,16927,120998,115076,114543,85893,934399,417168,1368494,241.617994,283.8806688,217.9340426,267.0308506
2007_NORTH_DAKOTA,NORTH_DAKOTA,2007,96577,1045678,150165,355662,539851,1042175,523778,283833,69691,90844,909,6730,6935,7472,7662,55853,31567,88329,245.4158542,291.5616119,226.3254811,252.3484739
2007_OHIO,OHIO,2007,1758645,22142424,1461326,9341723,11339375,21336580,10202242,6930905,876199,2595974,32815,130889,132634,139939,134417,1077618,585862,1696295,244.5327317,284.8516395,225.6669878,269.7345886
2007_OKLAHOMA,OKLAHOMA,2007,639032,5491931,650579,2782356,2058996,5505213,2688963,1732136,526547,502002,35270,49306,46787,45831,39321,375505,178400,589175,236.8021942,274.5349894,216.955654,270.1415503
2007_OREGON,OREGON,2007,559643,5648586,526411,2908595,2213580,5634955,2999104,1908603,199410,293730,1310,39820,42750,43018,45559,341853,181719,524882,236.0396573,283.8262772,215.0173234,250.7531745
2007_PENNSYLVANIA,PENNSYLVANIA,2007,1760451,25334577,1821479,8593421,14919677,25627083,11994620,7333616,1022492,2533079,12490,122769,129837,143406,139930,1069191,595727,1677408,244.0012735,286.1668633,226.3536582,263.5457165
2007_RHODE_ISLAND,RHODE_ISLAND,2007,147861,2100679,165167,817792,1117720,2082332,1177636,731694,85397,20234,1770,9840,11028,12098,10848,87549,48470,137789,235.8779358,275.3869905,218.7614449,259.1367031
2007_SOUTH_CAROLINA,SOUTH_CAROLINA,2007,701580,7130274,680718,3120416,3329140,7660995,3481608,2157719,384965,1290372,22812,52314,52715,54067,39459,429440,207751,660003,237.1074115,281.5036015,213.8365272,268.0176705
2007_SOUTH_DAKOTA,SOUTH_DAKOTA,2007,121158,1136570,174096,371645,590829,1096568,573916,335382,50283,105370,1335,9688,8935,9248,8901,72401,38182,111918,241.2134286,288.4639253,223.3985267,267.9789794
2007_TENNESSEE,TENNESSEE,2007,978084,7617488,805633,3342186,3469669,7817659,4473035,2144367,414587,593354,14937,75289,72454,70745,62040,579042,282508,876487,232.7537101,273.9787866,215.7492686,259.5472252
2007_TEXAS,TEXAS,2007,4513835,44355326,4423644,15952564,23979118,45920825,21061312,12451077,2073350,6654163,217751,356706,346491,332671,273867,2800227,1300148,4318126,242.3397599,285.8707084,219.6043131,265.7102102
2007_UTAH,UTAH,2007,504079,3656090,343915,1977900,1334275,3618540,1816456,871613,266481,579188,9487,47591,44748,41114,40375,353180,165986,528653,239.4049889,281.0874737,221.2614281,267.6656302
2007_VERMONT,VERMONT,2007,89329,1836316,97086,1237083,502147,1804519,800453,439237,41603,70359,4556,6161,6490,7039,7714,52379,30942,87877,246.357405,291.0107738,228.2485382,258.3211177
2007_VIRGINIA,VIRGINIA,2007,1220440,14176385,890144,5796043,7490198,14700853,7630837,4338027,573603,1473546,28684,89656,90397,93896,85413,732104,380413,1141201,243.5211298,287.625905,227.1367249,257.4212028
2007_WASHINGTON,WASHINGTON,2007,1026121,10350748,801339,6339782,3209627,10682397,5148806,3028183,463389,1624443,10012,72165,76673,78219,78429,615230,332840,958082,242.542232,284.8628043,223.9993368,269.5967634
2007_WEST_VIRGINIA,WEST_VIRGINIA,2007,281298,2905489,353571,1677212,874706,2983267,1608247,941055,189649,228873,12247,21300,20217,21330,18625,164998,83990,261235,236.3378058,270.0840936,215.1305555,259.1619549
2007_WISCONSIN,WISCONSIN,2007,870584,10154985,574090,5175386,4405509,9988878,5459295,3147269,420699,467948,37773,59590,59995,64135,72380,487849,289421,815043,244.1812142,285.6179425,223.3180098,260.8129192
2007_WYOMING,WYOMING,2007,85034,1477891,111051,722364,644476,1390344,661713,428613,42353,246698,413,6891,6493,6711,6246,51939,27179,79531,243.8669151,286.9877715,225.2894833,262.2280247
2009_ALABAMA,ALABAMA,2009,745668,7186390,728795,4161103,2296492,7815467,3836398,2331552,561019,924956,7774,57019,59512,57027,48164,464601,219495,691870,227.9626504,268.5241203,216.2733559,267.5774737
2009_ALASKA,ALASKA,2009,130236,2158970,312667,1357747,488556,2396412,1129756,832783,70835,303165,2475,9804,10046,9626,9779,78545,40837,121857,237.2122843,283.0476628,211.1273683,256.1068616
2009_ARIZONA,ARIZONA,2009,981303,8802515,1044140,3806064,3952311,9580393,4296503,2983729,455403,1312659,9175,84191,83686,82163,79283,666897,317397,993469,229.9911052,277.332282,209.9892695,267.1670297
2009_ARKANSAS,ARKANSAS,2009,474423,4753142,534510,3530487,688145,5017352,2417974,1492691,533057,409763,13504,38115,36479,35715,30567,292256,136213,441973,237.5405919,275.9995,216.1515814,269.5687297
2009_CALIFORNIA,CALIFORNIA,2009,6234155,73958896,9745250,40084244,24129402,74766086,35617964,21693675,3759373,8881265,71783,471058,465866,472856,478503,3717166,1997064,5786013,231.6749272,270.4485881,209.7624054,254.8952466
2009_COLORADO,COLORADO,2009,812068,8310673,560538,3634018,4116117,8682489,4108304,2708535,330128,1035058,29701,64190,62929,59129,58526,497487,240990,768178,243.13244,287.3729075,225.6966406,259.4494265
2009_CONNECTICUT,CONNECTICUT,2009,539250,9681268,403017,3606594,5671657,9323053,5054397,2805173,330685,763075,15689,39866,41510,42999,41029,334409,174004,524102,244.7177427,288.6085135,228.9721167,257.5952755
2009_DELAWARE,DELAWARE,2009,116804,1718993,109682,1047418,561893,1798244,877678,496383,80812,254460,755,9537,9672,9519,8317,77418,39091,117264,239.4905694,283.829473,225.5130868,258.0485802
2009_FLORIDA,FLORIDA,2009,2623067,26494500,2694566,9047586,14752348,28867429,13884278,8067350,1546420,4533913,51495,196057,199322,198245,172321,1603349,783621,2438465,241.9449094,279.3352641,225.6734073,265.5131199
2009_GEORGIA,GEORGIA,2009,1649598,17972839,1644548,7739086,8589205,19025136,10063924,5135180,837062,2712073,41940,131325,130091,124084,97779,1021486,472934,1536360,236.0295729,277.5611997,217.8481057,271.8101332
2009_HAWAII,HAWAII,2009,179478,2689758,392837,2205032,91889,2318671,1402305,718309,129473,68584,1547,15970,14249,12967,10621,109861,52630,164038,235.6797808,273.7586067,210.6164187,264.9989661
2009_IDAHO,IDAHO,2009,267951,2182273,218777,1459554,503942,2078446,1157633,646213,100576,111190,2646,21605,21337,21019,19250,170477,81571,254694,241.0428023,287.3052151,221.0229244,242.4904243
2009_ILLINOIS,ILLINOIS,2009,2117291,26987426,3346509,7879160,15761757,27716187,13520105,8764971,932950,2884993,84727,148097,154405,155003,146476,1230889,640462,1956078,238.2856688,282.431417,219.16578,272.4593163
2009_INDIANA,INDIANA,2009,1028259,12999357,1403839,5804809,5790709,11218398,5548292,3681825,476598,899628,12444,78224,79992,80983,72999,639931,316062,968437,242.6168096,286.8099779,222.6594808,264.3620409
2009_IOWA,IOWA,2009,487559,5732319,431142,2545353,2755824,5732186,2914176,1615189,225983,672339,21804,38956,35225,35239,38685,280573,150509,452886,242.595644,284.1701786,221.4222981,260.2445245
2009_KANSAS,KANSAS,2009,470445,5615208,378810,3291485,1944913,5827751,2883104,1578417,223951,958961,10509,36461,35782,34596,33522,282847,140240,433596,245.3086536,288.596403,223.9242133,254.7389799
2009_KENTUCKY,KENTUCKY,2009,669858,6706922,719997,3870440,2116485,6831006,3468191,2050683,411529,720114,27909,51276,51027,49298,43097,405017,195515,628441,238.8359023,279.2842161,225.6062424,264.837185
2009_LOUISIANA,LOUISIANA,2009,662774,7984550,1238259,3568903,3177388,8053960,4051985,2542723,408292,824390,29447,53763,59998,52818,38828,426673,181032,637152,229.4324555,272.3799067,207.4861372,264.5140023
2009_MAINE,MAINE,2009,187372,2623127,245063,1107152,1270912,2624504,1383650,857706,148378,108016,3783,13704,13769,14438,15246,111159,60579,175521,244.4557328,286.3614259,223.790428,265.6912406
2009_MARYLAND,MARYLAND,2009,843781,13147931,694846,5697257,6755828,12757599,6899346,3984072,490336,961161,28626,61428,61183,62590,61273,491731,266627,786984,243.795041,288.3415653,226.0477839,264.888126
2009_MASSACHUSETTS,MASSACHUSETTS,2009,932437,15298022,1181681,5974489,8141852,15174814,8885949,4626112,456737,589413,27871,68369,71078,72093,67973,569489,290502,887862,252.2547897,298.8543466,233.7494631,266.7995193
2009_MICHIGAN,MICHIGAN,2009,1537515,19616665,2094714,10130740,7391211,19992550,9422685,6354021,865858,1280455,29850,126313,118702,121463,126181,948457,529531,1507838,236.2797197,278.2681682,218.2355503,266.8540198
2009_MINNESOTA,MINNESOTA,2009,800831,10353784,575703,6590788,3187293,11193640,5815987,2712430,803017,1187008,13933,63111,60640,61281,74532,487617,272392,773942,249.4555342,294.4433201,223.3366618,253.329004
2009_MISSISSIPPI,MISSISSIPPI,2009,491194,4392101,675576,2334363,1382162,4552756,2317710,1392119,275915,493773,3607,39148,39651,36577,28943,304201,137511,445319,227.2622608,265.0019582,210.5065175,267.7064996
2009_MISSOURI,MISSOURI,2009,893807,9472520,758650,3927189,4786681,10227305,5175127,3023041,535977,1120105,25584,69016,68730,67430,67254,543482,279900,848966,240.6843809,285.8080019,223.8423578,267.2980565
2009_MONTANA,MONTANA,2009,141782,1607935,195705,765177,647053,1622485,855803,509899,66973,158151,1209,10960,10499,10911,10563,85699,43939,130847,244.4007519,291.5429429,224.6517501,273.5892897
2009_NEBRASKA,NEBRASKA,2009,292161,3522481,297732,1182776,2041973,3523803,1887427,905681,144995,488293,11954,23577,21517,20834,22266,171329,88508,271791,238.7484634,284.2590935,222.5233073,261.89815
2009_NEVADA,NEVADA,2009,430985,4442101,425133,2272415,1744553,4577881,2145779,1364083,142194,633545,3953,32038,33664,33291,25935,269058,123420,396431,235.1522739,274.1485417,211.140589,269.7398201
2009_NEW_HAMPSHIRE,NEW_HAMPSHIRE,2009,197024,2816162,146867,1002239,1667056,2757401,1546316,822081,74820,112359,2987,11969,14560,15517,15588,117812,64372,185171,251.0717526,292.3218172,229.1445204,251.3056546
2009_NEW_JERSEY,NEW_JERSEY,2009,1354912,26510413,1014556,10401527,15094330,26145334,13800343,8687138,952796,1499241,33937,95251,99911,100749,98733,802749,412848,1249534,246.5298698,292.6572271,229.3944864,266.8764602
2009_NEW_MEXICO,NEW_MEXICO,2009,328737,3703477,519973,2615320,568184,3945515,1807514,1167618,132017,784529,7406,26266,25358,24126,20150,201671,99076,308153,230.0295892,269.7042538,207.6457308,270.393926
2009_NEW_YORK,NEW_YORK,2009,2696688,55885116,3197833,25768345,26918938,57851481,35195372,14079990,1415237,5463718,51251,190741,193473,198690,188377,1550122,858087,2459460,240.6410988,282.5769154,224.3687488,267.0678566
2009_NORTH_CAROLINA,NORTH_CAROLINA,2009,1452064,15410564,1377661,8229140,5803763,14868070,7943541,3848021,751609,1647148,26688,104954,116876,109864,88983,921621,429596,1377905,243.7784601,284.3326353,219.2960459,253.8409544
2009_NORTH_DAKOTA,NORTH_DAKOTA,2009,94653,1150142,160294,407374,582474,1137260,579830,310316,78735,95977,1285,7472,6547,7308,7637,55819,30497,87601,245.1895263,292.8424885,225.9674719,270.7481588
2009_OHIO,OHIO,2009,1729072,22779344,1531263,10226228,11021853,22427481,10734314,7347959,929409,2552105,29329,131114,133751,134169,118872,1064903,538951,1633183,243.6875529,285.5830138,224.5321781,272.8026339
2009_OKLAHOMA,OKLAHOMA,2009,644549,6029807,768972,3014993,2245842,5941799,2836912,1895590,577867,568720,39784,51037,48457,45268,40046,384931,177366,602081,236.7809856,275.7119568,217.1906276,254.1291737
2009_OREGON,OREGON,2009,560726,6158756,656298,3117315,2385143,6715011,3291310,2121378,214699,803096,21143,40563,43059,43261,46088,342745,178388,542276,238.0323272,285.0368144,218.1423405,264.2880575
2009_PENNSYLVANIA,PENNSYLVANIA,2009,1687145,26755585,1811141,9858461,15085983,27328680,12803821,7637090,1155635,2411908,15239,128947,132213,137072,140845,1055000,584316,1654555,243.5878732,288.3041689,223.6794399,259.5284866
2009_RHODE_ISLAND,RHODE_ISLAND,2009,141521,2179714,206225,765069,1208420,2171376,1224158,773039,90493,24161,2109,10254,10188,11275,10697,85821,46934,134864,238.7668591,277.9237194,222.7048852,269.2399849
2009_SOUTH_CAROLINA,SOUTH_CAROLINA,2009,714290,7669733,734602,3654658,3280473,8427391,3854229,2463391,398422,1318784,24425,53615,55671,52711,44364,434084,211019,669528,235.6683025,280.3808554,215.9422982,268.6782355
2009_SOUTH_DAKOTA,SOUTH_DAKOTA,2009,126624,1258876,201889,412798,644189,1273527,645912,379946,56772,154459,1367,10560,9245,9251,8741,73818,37968,113153,242.0977898,290.6191277,222.1665928,259.495771
2009_TENNESSEE,TENNESSEE,2009,971484,8112895,870374,3800870,3441651,8611178,4809809,2480290,461464,652210,16506,76745,75052,71050,66366,593417,285881,895804,231.8254862,274.7618211,216.7378111,265.0892467
2009_TEXAS,TEXAS,2009,4647205,48087531,4913841,19708771,23464919,53575273,23895853,13799383,2289408,9297597,239030,369433,368175,346524,291130,2911885,1329862,4480777,240.4646237,286.6850767,218.8582724,270.7005367
2009_UTAH,UTAH,2009,532433,4238943,535223,2224007,1479713,4419750,2169434,1008636,310325,821593,8225,47684,45610,40997,38995,357434,158243,523902,240.3187126,284.0682519,219.2041302,259.8855897
2009_VERMONT,VERMONT,2009,86320,1683034,102453,1336424,244157,1661019,859433,489015,49100,64170,4837,6216,6237,6647,7328,51133,29265,85235,247.7672261,292.8660964,228.7357836,257.2741846
2009_VIRGINIA,VIRGINIA,2009,1235064,15251481,914507,6317714,8019260,15510318,8194237,4813706,574858,1418914,30600,92281,93708,92075,87839,741139,381320,1153059,243.0712969,286.069755,226.527568,270.0609902
2009_WASHINGTON,WASHINGTON,2009,1035907,12025012,1385421,7146416,3493175,12240632,5984072,3464921,509407,1818982,11037,74547,78270,77206,83604,619803,329960,960800,242.2570912,288.7223756,221.3301104,260.9466762
2009_WEST_VIRGINIA,WEST_VIRGINIA,2009,281908,3097212,355325,1793917,947970,3121728,1759397,994305,196984,157049,13894,21454,20790,20516,18688,164965,82349,261208,232.9831445,270.4157659,214.5202002,260.368795
2009_WISCONSIN,WISCONSIN,2009,867035,10991081,1258519,4785070,4947492,10880480,5857285,3382519,473295,648807,47054,61094,61242,61748,71242,485288,279000,811342,243.5852535,288.1407262,220.1355406,265.5915771
2009_WYOMING,WYOMING,2009,86971,1675761,108333,945765,621663,1658156,744877,482641,47165,372507,534,7406,6683,6606,6160,53885,26330,80749,242.0091957,286.104034,222.6521963,272.3051342
2011_ALABAMA,ALABAMA,2011,746933,7376725,1077070,3965614,2334041,7411768,3844055,2295909,559140,564183,8282,57602,56491,57919,49510,461122,217615,687019,231.286019,269.0965158,220.2734133,257.3835093
2011_ALASKA,ALASKA,2011,131704,2357828,420152,1416163,521513,2443898,1215062,908567,81031,180137,2755,10453,9667,9527,9918,78849,39110,120714,236.359658,283.2727979,207.9236959,267.5429942
2011_ARIZONA,ARIZONA,2011,946571,8429186,1245814,3054501,4128871,8610417,3977772,2935127,350633,741124,8860,84433,82566,81294,81179,665998,320807,995665,235.157597,279.0335017,212.3950499,270.9661722
2011_ARKANSAS,ARKANSAS,2011,475551,5176362,827026,3701224,648112,5669431,2559292,1655684,676591,605857,14466,37305,36662,36339,30441,293926,136959,445351,237.810157,279.088205,216.514864,258.4210904
2011_CALIFORNIA,CALIFORNIA,2011,6202604,70953331,9990221,37752712,23210398,69847705,34225248,20266047,3486160,6523770,73630,488070,462082,467626,494144,3742708,1977069,5793407,234.1649932,272.7698031,211.358636,261.285252
2011_COLORADO,COLORADO,2011,834832,8747471,969288,3493923,4284260,8676451,4204486,2804955,338267,827354,31091,66361,64560,61156,61398,513402,243411,787904,244.4560971,291.7426729,223.4338436,260.1480052
2011_CONNECTICUT,CONNECTICUT,2011,530132,9783168,796156,3185501,5801511,9439182,5363942,2844490,333756,516116,16022,38840,40138,42511,40677,328515,171060,515597,242.4134069,286.9999447,227.4273043,259.1409378
2011_DELAWARE,DELAWARE,2011,119878,1759170,192182,1010026,556962,1808905,964284,497158,89576,182497,1402,10116,9691,9569,8570,79106,38322,118830,240.3598324,282.7699664,225.1305111,254.9352183
2011_FLORIDA,FLORIDA,2011,2636404,26453693,4710376,9069119,12674198,26991946,14284224,8077593,1637138,2217069,54938,203302,195625,200378,174371,1617862,792054,2464854,239.826451,277.8370352,224.5285854,274.6813995
2011_GEORGIA,GEORGIA,2011,1666039,18030043,2267161,7492489,8270393,17187481,9671343,5005101,874605,1368395,45353,133372,128827,126785,98625,1032525,473766,1551644,238.3665421,278.4836192,220.8107201,265.8394755
2011_HAWAII,HAWAII,2011,179601,2499513,347363,2088870,63280,2259104,1253534,786284,133810,85476,1492,16827,14353,12783,11084,112565,51598,165655,238.8219278,277.8362111,213.6145712,242.0563682
2011_IDAHO,IDAHO,2011,265713,2089982,292602,1320153,477227,1960818,1104553,613667,98963,83524,1338,21901,21835,21172,19423,174825,81809,257972,240.3288325,286.6750633,220.8297706,272.34996
2011_ILLINOIS,ILLINOIS,2011,2072114,29507584,2894897,10030682,16582005,28525858,14636402,9271610,922651,1884866,80723,145489,151870,153828,145047,1226944,629941,1937608,238.8368789,283.2281347,219.3574983,262.1213748
2011_INDIANA,INDIANA,2011,1023220,12125155,1024389,7340384,3760382,11113533,5609296,3548729,500684,843671,9540,78166,78627,79586,74071,636899,316160,962599,243.836876,285.0029161,220.7313427,262.3586434
2011_IOWA,IOWA,2011,493493,6098470,596688,2537754,2964028,6057294,2995991,1638449,230237,861361,26930,40187,34951,35498,37069,283035,145718,455683,242.6048729,284.9208361,220.707447,257.1880104
2011_KANSAS,KANSAS,2011,482692,5538869,612100,2945175,1981594,5662146,2839803,1530694,220493,851777,18110,37557,35608,35291,32478,287355,137455,442920,246.2553348,289.6192827,223.5650912,268.0146716
2011_KENTUCKY,KENTUCKY,2011,672958,7104589,1164688,3704150,2235751,7253850,3663998,2238626,426989,733357,28107,52325,49894,50043,43928,407678,193392,629177,240.8307002,281.6088097,225.1350629,265.6437294
2011_LOUISIANA,LOUISIANA,2011,665109,8022917,1497262,3269321,3256334,8218870,4162557,2582814,406798,809639,29422,56037,58304,52289,39088,433343,184588,647353,230.7788693,272.8433339,210.4107263,264.7298445
2011_MAINE,MAINE,2011,186835,2654366,289290,1043281,1321795,2728535,1431522,874220,145034,164850,5048,13644,13533,14584,14887,111354,58923,175325,244.2570165,288.7322976,222.0373322,264.5545275
2011_MARYLAND,MARYLAND,2011,851971,13443940,1255964,5508339,6679637,13247697,7205515,4150447,482356,989839,28850,64727,63118,61917,60289,500639,259870,789359,247.1065558,287.9978023,230.7828412,267.3363958
2011_MASSACHUSETTS,MASSACHUSETTS,2011,924903,15396681,1197383,5783240,8416058,15150898,8685894,4583586,445972,817228,28116,67956,70404,72758,67460,569243,287055,884414,253.3964558,298.5124311,236.7738666,268.8339636
2011_MICHIGAN,MICHIGAN,2011,1455966,19374026,2525528,9845508,7002990,18469948,9198775,6024406,862583,1273466,37020,107852,112465,118628,120498,920586,500042,1457648,236.4022137,280.176518,218.8608104,254.6883478
2011_MINNESOTA,MINNESOTA,2011,798891,10912368,842906,6289912,3779550,10612480,5644771,2520057,805204,1016875,14568,64133,60917,61574,71583,496843,264194,775605,249.1866861,294.9464228,222.3086724,269.872413
2011_MISSISSIPPI,MISSISSIPPI,2011,490526,4516742,1006465,2071467,1438810,4345783,2238165,1393211,274243,368906,3842,41048,37715,36071,29115,303072,134158,441072,229.8680222,269.2356456,209.1880201,271.2228966
2011_MISSOURI,MISSOURI,2011,896702,9915356,1344755,3828396,4742205,9842505,5100879,2975252,531640,849819,29931,69864,67274,68413,64475,545581,271208,846720,240.494831,281.9476462,220.346171,275.3685176
2011_MONTANA,MONTANA,2011,141529,1631810,264517,713642,653651,1655584,902615,540180,72488,103728,1475,11697,10739,10773,10208,86553,42624,130652,243.7966065,292.9078043,225.1442162,265.1940412
2011_NEBRASKA,NEBRASKA,2011,297659,3879388,571969,1153077,2154342,3676326,2101943,951912,171112,349683,12907,23795,22279,21115,22332,176802,87792,277501,239.8032687,283.1970448,223.311726,270.1489602
2011_NEVADA,NEVADA,2011,429610,4146577,447002,2359671,1339904,4258855,2161550,1377125,149940,323746,4408,33502,33608,33745,30322,270807,130252,405467,237.0318789,278.1131537,212.5751917,253.8334404
2011_NEW_HAMPSHIRE,NEW_HAMPSHIRE,2011,189275,2947007,184768,1061011,1701228,3001244,1654129,855476,77384,206241,3228,11915,14190,15164,14911,114489,62268,179985,251.7788368,292.1087397,230.3926764,266.7620513
2011_NEW_JERSEY,NEW_JERSEY,2011,1399409,26242376,1283994,9331426,15626956,25716298,14113108,8634990,909456,917304,36581,90955,96459,98968,94059,783107,394133,1213821,248.0041626,294.1387714,231.2376297,272.8741408
2011_NEW_MEXICO,NEW_MEXICO,2011,331373,3591330,636436,2355210,599684,3694437,1744548,1124390,140296,616478,7652,26954,25703,24436,20671,204875,97744,310271,232.8403707,274.4547015,208.0141194,267.7038652
2011_NEW_YORK,NEW_YORK,2011,2677412,57753776,5118477,23188002,29447297,59446908,37834196,14460678,1416793,4653802,49569,197458,196082,201190,190732,1595807,831712,2477088,237.5199426,280.4530261,222.4938109,258.1932642
2011_NORTH_CAROLINA,NORTH_CAROLINA,2011,1448117,14409515,2046954,7488570,4873991,13767024,7566249,3843709,696313,980517,33603,117944,116325,113238,94017,922516,433801,1389920,244.5179008,286.2670282,221.3569636,272.0786265
2011_NORTH_DAKOTA,NORTH_DAKOTA,2011,96255,1309044,186844,630430,491770,1312226,660944,360118,86352,124967,1706,8236,7028,7436,7348,57946,29758,89410,245.156416,291.9984045,225.5775263,275.1831643
2011_OHIO,OHIO,2011,1655534,23488657,2533882,9834235,11120540,23010396,11074360,7570565,935953,2494681,29015,131323,130406,134219,117866,1056888,522804,1608707,244.0386216,288.6025968,223.8282139,255.8616346
2011_OKLAHOMA,OKLAHOMA,2011,658163,5835133,968529,2741058,2125546,5644988,2866601,1814927,367172,510428,42145,53053,48690,47321,39447,393563,175383,611091,237.4290823,279.1796082,215.4775857,265.6970283
2011_OREGON,OREGON,2011,559631,6112484,848637,2792762,2471085,6317635,3261190,2071303,224903,461979,7262,41478,42072,43653,45898,342570,176898,526730,236.914497,282.5182068,216.4401544,262.9289563
2011_PENNSYLVANIA,PENNSYLVANIA,2011,1670854,28492510,3371827,9261234,15859449,28810721,13761915,7947108,1207139,2189151,12887,128804,129845,135598,138265,1061733,565203,1639823,245.6549103,286.1027417,227.2364632,268.6942179
2011_RHODE_ISLAND,RHODE_ISLAND,2011,139157,2212352,234111,768713,1209528,2198940,1260021,736651,93820,43726,1979,10164,10827,11146,10558,85516,45195,132690,241.6247747,282.8756596,222.4815969,268.2839492
2011_SOUTH_CAROLINA,SOUTH_CAROLINA,2011,713511,7772777,1041572,3338715,3392490,7961448,3689782,2428477,388361,1016126,23551,56065,54157,54243,44684,439773,207797,671121,237.303025,281.0001337,214.8998089,260.1212646
2011_SOUTH_DAKOTA,SOUTH_DAKOTA,2011,125613,1297661,262395,374648,660618,1350617,661519,390655,59757,199636,2996,11375,9364,9139,8662,76158,37487,116641,240.9797923,290.6151968,219.8144463,264.2256116
2011_TENNESSEE,TENNESSEE,2011,986382,8679893,1272825,3955476,3451592,8961443,4947165,2635217,479721,661195,27982,79803,75146,73725,67637,604964,286944,919890,232.901117,274.0387103,214.6402149,267.7505967
2011_TEXAS,TEXAS,2011,4800196,51023159,7818075,19623258,23581826,52691826,25155007,14325757,2474232,6556210,249524,379446,375756,360279,298637,3007882,1363618,4621024,241.1017937,290.3467094,218.3208446,265.1195563
2011_UTAH,UTAH,2011,545395,4141253,500782,2058112,1582359,4195916,2157337,1018548,315664,592949,11972,48953,46758,43971,39693,373611,164296,549879,242.5375131,283.3083321,220.4160345,260.3070199
2011_VERMONT,VERMONT,2011,86982,1686499,106823,1329172,250504,1722515,888388,511825,53418,63655,5559,6062,6158,6646,6930,50525,27762,83846,246.6397299,293.8825771,226.7716427,268.9415376
2011_VIRGINIA,VIRGINIA,2011,1250852,14655345,1427301,5351177,7876867,14675815,7861076,4602566,579290,1075067,31805,95574,93770,93361,89324,753846,376658,1162309,245.3336181,289.2554112,226.3784347,259.2083707
2011_WASHINGTON,WASHINGTON,2011,1042979,11905941,1367629,6758505,3779807,11928408,6007184,3427282,514227,1467334,12268,78014,77051,78891,84089,627902,327269,967439,243.1828847,288.1077619,220.528788,261.4283909
2011_WEST_VIRGINIA,WEST_VIRGINIA,2011,282130,3475642,510256,1927726,1037660,3670119,2010407,1160212,211866,269242,15280,21172,20748,20778,18498,165613,80805,261698,234.6558068,273.2631731,214.3860242,267.0874061
2011_WISCONSIN,WISCONSIN,2011,864251,11664303,1002909,5226954,5434440,11440718,6138402,3668777,479352,541918,54438,60875,60094,61413,68392,487497,268295,810230,244.6918655,288.6659327,221.2399069,273.840765
2011_WYOMING,WYOMING,2011,88165,1650621,154955,878979,616687,1656850,825783,528352,52046,234408,518,7873,6790,6796,6178,55666,26042,82226,243.874435,287.767926,224.0622781,267.2728912
2013_ALABAMA,ALABAMA,2013,744548,7197439,811739,3898347,2487353,7487741,3747993,2317243,576737,643522,9415,59757,55719,58799,48965,458327,218705,686447,232.8613325,269.1942806,218.5759534,269.5337264
2013_ALASKA,ALASKA,2013,131091,2545117,320938,1707449,516730,2665933,1324649,982442,87165,248505,3247,10632,9722,9677,9500,78835,38230,120312,236.1220044,281.5595728,209.3472882,268.8033631
2013_ARIZONA,ARIZONA,2013,941726,8164324,1178356,2934165,4051803,7600581,3824071,2643742,368750,558466,8791,86258,84282,83849,84291,679992,327144,1015927,240.3049115,279.722268,213.1341315,257.4278382
2013_ARKANSAS,ARKANSAS,2013,477716,5067546,572096,3847045,648405,5226339,2545564,1694335,281692,533975,14984,39900,36321,36660,31646,294621,140185,449790,239.8905221,277.9148025,218.5238853,261.2560926
2013_CALIFORNIA,CALIFORNIA,2013,6208733,68868516,7836263,35141208,25891045,69727119,34194878,20595508,3461759,6160059,75951,506831,470515,472381,498403,3771067,1952314,5799332,233.6544646,275.9013507,212.5459679,260.4482872
2013_COLORADO,COLORADO,2013,851063,8826868,696266,3693829,4436773,8699125,4292898,2773716,365228,758041,31741,67225,66140,63820,62836,528653,249380,809774,246.975708,289.6818001,226.6632196,261.9644908
2013_CONNECTICUT,CONNECTICUT,2013,517812,10319361,434543,3870444,6014374,9758850,5562212,2966636,359881,487318,16922,38274,39810,41460,40775,321966,169038,507926,243.4402974,285.2439723,229.5815994,261.5024557
2013_DELAWARE,DELAWARE,2013,118685,1930466,151096,1124112,655258,1924626,1030897,560882,97722,157935,1413,10488,10069,9993,8536,81303,38483,121199,243.1077582,282.3382986,225.7716512,271.0090869
2013_FLORIDA,FLORIDA,2013,2680074,24681548,3027018,9455562,12198968,25245400,13833236,7622221,1689414,1411455,56470,209318,198411,206698,183422,1647922,807034,2511426,241.6758096,280.8558396,227.4631766,265.9849815
2013_GEORGIA,GEORGIA,2013,1682620,17459504,1805878,7580785,8072841,17317504,9555687,4956142,932291,1632844,45427,136658,129329,131295,103094,1051792,490032,1587251,240.0472366,279.1791109,221.8367125,247.7391537
2013_HAWAII,HAWAII,2013,184760,2331770,310778,1962923,58069,2345917,1283872,770643,144746,146656,1577,17561,14810,13228,10925,116670,50806,169053,243.3086189,281.4129223,214.8438799,276.9943674
2013_IDAHO,IDAHO,2013,272070,2015534,237912,1278155,499467,1967676,1113400,631575,107264,62882,4081,23396,22803,21991,21063,181856,87143,273080,240.7220198,286.4138816,219.302986,265.8282971
2013_ILLINOIS,ILLINOIS,2013,2069823,30057886,2311235,10382540,17364111,29517831,15285224,9509657,986182,1942608,80953,145117,152779,154578,144566,1219389,621531,1921873,239.000204,284.8976472,218.5401839,264.6157135
2013_INDIANA,INDIANA,2013,1002772,12236713,980013,7503451,3753249,11211155,5535933,3595471,527250,862576,14586,80611,77584,80754,75871,634763,316350,965699,248.5967774,287.7676538,225.3323408,259.9605695
2013_IOWA,IOWA,2013,499489,6281345,459132,3118413,2703800,6318241,3174989,1748683,254025,783793,28075,41240,35617,36238,36258,288638,145011,461724,245.7935055,285.0701378,223.8158046,270.2241686
2013_KANSAS,KANSAS,2013,488590,5667223,420820,3193838,2052565,5621023,2969201,1595974,243032,616590,18746,38534,36435,36457,32989,294099,138847,451692,246.1857019,289.5182561,223.3863688,266.898721
2013_KENTUCKY,KENTUCKY,2013,685009,7216175,867735,3960822,2387618,7413896,3663594,2323851,457079,729064,27142,52267,49770,50203,43732,405262,192256,624660,241.4699268,280.6454425,224.4275405,267.2729747
2013_LOUISIANA,LOUISIANA,2013,671156,8121179,1229248,3370399,3521532,7940880,3963343,2657751,436167,644212,29319,57377,56770,54842,41118,436614,188181,654114,231.3663086,272.7609665,210.4549632,269.0034496
2013_MAINE,MAINE,2013,184682,2650346,196466,1029166,1424714,2535405,1351259,867538,116847,70345,5004,13451,13550,13975,13964,108616,56924,170544,245.8470018,288.7311597,224.833289,266.8875236
2013_MARYLAND,MARYLAND,2013,859252,13814727,828432,6093652,6892643,13284637,7303090,4243954,357919,955586,29811,67548,64629,62322,59114,515221,253589,798621,245.1693795,286.6413811,232.0559731,269.6164717
2013_MASSACHUSETTS,MASSACHUSETTS,2013,920968,16114783,818054,6428534,8868195,16201905,9097982,4759997,467050,1283156,28189,69853,70862,72116,67429,569089,287478,884756,253.0337852,300.568235,232.373156,257.3512427
2013_MICHIGAN,MICHIGAN,2013,1381167,18270327,1636324,9882361,6751642,17468264,8885537,5675448,848456,962506,40660,106166,113420,118440,116607,910594,487518,1438772,236.8197784,280.1335971,217.3651677,269.193764
2013_MINNESOTA,MINNESOTA,2013,802454,10848720,646542,6792440,3409738,10942019,5826404,2652321,850969,1016760,14556,65618,63979,62899,69090,509390,261409,785355,253.4209611,294.5929726,227.0307418,273.8019031
2013_MISSISSIPPI,MISSISSIPPI,2013,492847,4444064,707522,2213501,1523041,4370050,2274357,1465175,284089,285801,4329,41948,36959,37896,29412,304829,132568,441726,231.1057214,271.1609673,208.5185365,277.0095591
2013_MISSOURI,MISSOURI,2013,897224,10103589,894168,4235564,4973857,10001763,5139610,3082015,566933,833040,30339,70845,67908,68401,63718,547877,269227,847443,239.5483619,282.9884579,222.3341859,265.9429631
2013_MONTANA,MONTANA,2013,142797,1671053,210593,788329,672131,1679521,907018,545326,74629,111496,1440,12038,11028,10635,9912,88513,42138,132091,243.6988846,289.228453,222.9827493,271.0196546
2013_NEBRASKA,NEBRASKA,2013,303242,3870164,366241,1217306,2286617,3913038,2318463,1026626,168033,298231,14457,24025,23097,22089,22968,180640,88555,283652,243.1579291,285.0613485,223.2527851,253.1478182
2013_NEVADA,NEVADA,2013,431776,4131800,392009,2556472,1183319,4057443,2058538,1396907,166814,222161,4707,35073,33827,34541,31450,278662,132564,415933,236.2628994,278.2866809,213.7553136,267.2150118
2013_NEW_HAMPSHIRE,NEW_HAMPSHIRE,2013,187703,2976317,163890,1020089,1792338,2878534,1642945,879507,76488,72588,3464,11615,13953,14690,14140,111854,59377,174695,252.9935252,295.6651233,231.9983664,271.7657825
2013_NEW_JERSEY,NEW_JERSEY,2013,1338657,28070096,1145079,10986132,15938885,28179900,15489942,9131634,1218744,933676,36024,92017,98832,99950,95646,792008,399391,1227423,246.8709092,296.0533511,228.7197441,269.2219146
2013_NEW_MEXICO,NEW_MEXICO,2013,327209,3518621,519318,2401884,597419,3536546,1709797,1096508,145330,514077,7865,27368,25597,25062,20133,206295,97716,311876,232.7814329,272.7618089,205.7564054,261.6959822
2013_NEW_YORK,NEW_YORK,2013,2629805,59623918,3335657,23632698,32655563,60505950,38756656,14846782,1462376,3982327,48968,201930,196988,203267,190081,1607001,820326,2476295,240.3498169,281.8077878,223.8133626,274.3077317
2013_NORTH_CAROLINA,NORTH_CAROLINA,2013,1468228,12729402,1579889,7891977,3257536,13650536,7681386,3957680,744037,653058,30978,122209,108034,117965,96453,936407,441263,1408648,244.8017329,285.6453884,222.2277152,276.3779878
2013_NORTH_DAKOTA,NORTH_DAKOTA,2013,101025,1405349,145905,685348,574096,1516575,718970,400607,94995,224615,2054,8822,7824,7352,7389,62651,30420,95125,246.4247949,290.5151113,224.083385,255.870077
2013_OHIO,OHIO,2013,1613718,22536516,1721213,8990516,11824787,22015797,10800145,7376469,916885,1998557,28477,131003,128668,135042,114607,1049020,515611,1593108,245.5497969,289.5280968,223.8877461,266.3460632
2013_OKLAHOMA,OKLAHOMA,2013,671445,5878111,715944,2890048,2272119,5796945,2800189,1972011,404107,557341,42770,54923,49603,48583,39498,402398,179811,624979,238.9218775,275.506732,216.9888765,264.5409997
2013_OREGON,OREGON,2013,564006,6077498,471682,3041825,2563991,6228197,3261733,2067538,228499,343353,25902,42728,42858,43522,47075,345775,178595,550272,240.099252,283.5245891,219.1326742,267.7791997
2013_PENNSYLVANIA,PENNSYLVANIA,2013,1623694,28484645,2049113,9764558,16670974,28495118,15456205,7737010,1178563,1501024,8499,129360,132216,137287,135583,1063310,554067,1625876,244.01262,289.6236516,226.4023236,269.0869734
2013_RHODE_ISLAND,RHODE_ISLAND,2013,136401,2282659,193393,841875,1247391,2231413,1265936,765178,96721,35089,2242,10490,11037,10293,10403,86006,43270,131518,241.4167352,284.0922122,222.8022398,261.9314952
2013_SOUTH_CAROLINA,SOUTH_CAROLINA,2013,722249,8254462,814137,3819285,3621040,8224795,3933177,2621911,426662,853410,24295,58226,54672,56762,44624,451301,211835,687431,236.6258997,279.8246086,213.6465439,268.2826627
2013_SOUTH_DAKOTA,SOUTH_DAKOTA,2013,130296,1316613,194731,408009,713873,1332496,663258,390637,64999,179586,2865,11898,9842,9531,8485,79488,36639,118992,240.9810997,287.2703906,217.9307449,272.0853653
2013_TENNESSEE,TENNESSEE,2013,992461,9008032,1165801,4097627,3744604,9248235,5191269,2780452,534815,564756,25756,78601,74401,74909,65854,605311,283888,914955,239.774787,277.7201273,219.7353947,266.6770524
2013_TEXAS,TEXAS,2013,4897523,49734537,5695947,18873046,25165544,50674724,24226519,14150552,2585417,5472152,248150,391731,383586,379786,309069,3102385,1411436,4761971,241.9262887,288.1989676,216.9095971,261.4490507
2013_UTAH,UTAH,2013,562315,4300793,409774,2235917,1655102,4584624,2361179,1097484,309365,698249,12373,50386,49041,46409,41327,388573,174129,575075,242.8206887,284.3314862,222.7676355,268.1007728
2013_VERMONT,VERMONT,2013,89200,1817307,114697,1431621,270989,1809138,935593,538854,57026,55825,5667,6215,6159,6332,6545,49575,27233,82475,247.8032947,295.4695624,227.9865191,265.3595046
2013_VIRGINIA,VIRGINIA,2013,1264880,15322318,1108879,5874323,8339116,15634918,8445746,4874065,626080,1089417,33166,96058,95625,95778,88709,767349,377252,1177767,246.1774569,288.1429595,228.5557377,263.6841377
2013_WASHINGTON,WASHINGTON,2013,1050901,12242231,1042200,7159428,4040603,12097549,5911337,3777476,537261,1443002,11957,81559,78929,79953,84710,637352,328068,977377,246.2883381,289.9569887,225.0488633,270.0419258
2013_WEST_VIRGINIA,WEST_VIRGINIA,2013,282310,3486366,383169,2027414,1075783,3488877,1828234,1130079,225073,284685,15472,21541,20418,20634,18299,163988,79957,259417,237.4406327,274.4301347,214.6634013,274.3685477
2013_WISCONSIN,WISCONSIN,2013,863737,11097447,827432,5587013,4683002,10845059,5637545,3551036,496850,521352,56777,61522,61393,62721,66346,491376,264739,812892,244.7062916,288.7457808,220.8181034,267.5898643
2013_WYOMING,WYOMING,2013,91533,1695967,113501,881114,701352,1675477,846872,546422,52001,213920,514,8141,7086,6867,6176,57628,26449,84591,246.5224009,288.1191373,225.848975,272.0361244
2015_ALABAMA,ALABAMA,2015,734974,7360222,795238,4080167,2484817,7501799,3817479,2414860,594283,510091,13230,55613,55808,55792,50668,452764,222182,688176,230.9774227,266.5553185,217.0490898,269.0200282
2015_ALASKA,ALASKA,2015,130755,2920986,344111,2026555,550320,2968341,1484610,1068849,92766,281914,3369,10409,10118,9400,9651,80011,38688,122068,236.328417,280.4934562,212.7926002,258.7537615
2015_ARIZONA,ARIZONA,2015,944978,8230507,1093834,3232013,3904660,7902600,3846357,2880184,478876,497662,8747,79396,86594,84084,84854,687144,333579,1029470,237.6117554,282.9194894,215.3113365,260.3170188
2015_ARKANSAS,ARKANSAS,2015,479682,5308625,581412,4075118,652095,5350543,2620399,1772639,290396,511556,16083,37509,35893,36882,32385,296050,142242,454375,235.2154697,275.0647564,218.0774962,262.7693918
2015_CALIFORNIA,CALIFORNIA,2015,6226523,78248042,7556365,42360470,28331207,78365958,38951948,23501848,3754315,6373893,75951,530531,485885,465322,492835,3748465,1941009,5799332,231.549345,275.324573,212.6779485,258.768268
2015_COLORADO,COLORADO,2015,872320,9648297,715254,4354525,4578518,9557682,4578938,3170482,397263,923360,32224,64631,68176,65957,65317,541348,260909,834481,241.5635756,285.5391887,224.0232249,258.9868426
2015_CONNECTICUT,CONNECTICUT,2015,505366,11099837,444073,4353546,6302218,10542667,6006275,3233901,362941,530491,18385,36641,39077,40320,40321,315851,167056,501292,240.1594689,283.9566773,228.9475434,268.0732253
2015_DELAWARE,DELAWARE,2015,121845,2017075,137544,1142333,737198,1975093,1072395,583951,122741,103129,1553,10040,10533,10090,8782,83409,39845,124807,238.6780188,279.8102438,223.6986968,273.0480304
2015_FLORIDA,FLORIDA,2015,2743641,26971491,3118041,10661586,13191864,27277049,14931173,8186082,1816178,1681665,60122,199514,215435,206785,192877,1692825,839773,2592720,242.6643209,275.323818,227.188969,247.6534449
2015_GEORGIA,GEORGIA,2015,1717805,18584666,1831221,8310872,8442573,18501103,10081483,5324072,996277,1879063,46685,128788,134343,131509,109345,1067899,513865,1628449,236.4525193,278.7117968,222.0134973,277.1913634
2015_HAWAII,HAWAII,2015,182384,2703683,259390,2381547,62746,2521004,1377713,835930,145560,161801,1586,14860,15196,13129,10741,114924,50219,166729,237.8958068,279.340145,215.124313,263.3830014
2015_IDAHO,IDAHO,2015,274131,2167967,232449,1381205,554313,2029520,1130814,663005,108684,75680,2549,20988,22812,22350,20087,182320,86334,271203,238.7996247,283.7423253,221.6900662,262.2686053
2015_ILLINOIS,ILLINOIS,2015,2047123,32096832,2262192,11858968,17975672,32410033,17313173,10279691,992075,2056951,87589,135924,149373,150193,147993,1198970,619292,1905851,237.3078138,281.9685673,222.0222677,257.3504398
2015_INDIANA,INDIANA,2015,1004215,12456571,929878,7676341,3850352,11378564,5537406,3712136,547516,948358,18529,77044,77751,79198,74952,628889,321313,968731,247.6521836,287.1752011,227.2788913,268.5534796
2015_IOWA,IOWA,2015,505311,6714410,458457,3460798,2795155,6772654,3383909,1912222,262267,842674,28971,39218,37030,35965,36387,293017,146808,468796,243.3399119,286.41622,223.6293988,266.8067283
2015_KANSAS,KANSAS,2015,496920,5991731,475273,3967809,1548649,6175724,3051755,1692953,250584,963767,18773,36975,36928,35694,33667,293540,141615,453928,241.0672085,283.8710963,221.0898804,268.2534677
2015_KENTUCKY,KENTUCKY,2015,688475,7548871,848963,4176753,2523155,7554887,3807748,2417226,468694,600859,27144,49463,51339,49774,44659,410676,198820,636640,241.7277619,277.9472601,228.0551683,268.2005963
2015_LOUISIANA,LOUISIANA,2015,661015,8448743,1235580,3480365,3732798,8437263,4100906,2774314,416066,780338,28444,53716,54294,52480,41790,437974,198577,664995,234.2819018,268.4323551,216.1993372,266.7655306
2015_MAINE,MAINE,2015,176176,2739589,183883,1060925,1494781,2596180,1406898,910381,109541,55686,5396,12835,13311,13544,14028,107109,56273,168778,242.2446541,284.875477,223.7286079,267.7729001
2015_MARYLAND,MARYLAND,2015,874108,14491642,819162,6267624,7404856,13882823,7686024,4358416,386104,1050651,31034,64930,66910,63777,58493,530541,253096,814671,239.4997509,283.1490341,222.9441896,255.4694178
2015_MASSACHUSETTS,MASSACHUSETTS,2015,916130,16985185,778939,6808436,9397810,16972319,9774884,5043032,497880,1034539,29297,66142,70892,72176,70997,571237,294897,895431,250.5657778,296.9085714,235.2754234,268.3912363
2015_MICHIGAN,MICHIGAN,2015,1345009,19025996,1582706,10510346,6932944,17742903,9040821,5839572,831874,967476,48961,113090,111267,113640,114700,887682,482540,1419183,235.7288937,278.1686519,216.3066302,267.9055297
2015_MINNESOTA,MINNESOTA,2015,807044,11684249,629909,7567199,3487141,11969872,6257807,2933999,893322,1328863,15443,63591,65362,63075,69441,519641,265709,800793,249.575847,294.147778,223.35292,274.4975681
2015_MISSISSIPPI,MISSISSIPPI,2015,490189,4592343,672366,2324855,1595122,4624539,2350872,1525340,285117,407791,4867,37573,36092,35922,29561,301491,135375,441733,234.2430531,270.5804793,214.1106869,264.4967551
2015_MISSOURI,MISSOURI,2015,892779,10623391,948600,4441091,5233700,10540353,5387766,3266781,615166,869078,33360,67126,69134,67126,64475,549399,269349,852108,238.9649225,280.8214257,222.7255168,270.2368178
2015_MONTANA,MONTANA,2015,144447,1804339,214980,851068,738291,1804841,940488,581694,80426,160885,1158,11502,11659,10967,9756,90837,41822,133817,241.2870483,287.4640055,224.7573935,251.9761652
2015_NEBRASKA,NEBRASKA,2015,312281,4248695,344382,1350116,2554197,4283846,2446701,1102622,183067,449287,15665,23374,23366,22656,23549,185325,91650,292640,243.8636669,286.4985635,226.6346109,266.8763518
2015_NEVADA,NEVADA,2015,438948,4345419,395630,2744606,1205183,4183085,2170424,1459504,174388,205794,5554,34495,36474,35802,32122,289732,136906,432192,233.8270162,275.1718688,214.4255845,269.9567776
2015_NEW_HAMPSHIRE,NEW_HAMPSHIRE,2015,183039,3093061,164905,1000063,1928093,3044720,1697165,938368,75581,125475,3743,11192,13639,14319,13947,109370,58107,171220,249.1506214,294.4130187,231.9498476,269.4262109
2015_NEW_JERSEY,NEW_JERSEY,2015,1339230,29335237,1154004,11423305,16757928,28809725,15339450,9414336,1271558,1290946,63284,91870,98565,98128,97602,790025,402208,1255517,245.3832201,293.3659382,229.4876744,259.4173764
2015_NEW_MEXICO,NEW_MEXICO,2015,326297,3789651,499789,2595682,694180,3846641,1773801,1256303,154435,587243,8509,24696,25681,24957,21106,205691,96798,310998,231.167236,270.8975344,207.2404464,274.8067463
2015_NEW_YORK,NEW_YORK,2015,2631532,63712218,2869847,25900858,34941513,65094591,41954260,15714795,1540851,4536014,50430,198024,199866,197997,189562,1601015,820402,2471847,236.796927,280.0892201,222.6463032,270.8537115
2015_NORTH_CAROLINA,NORTH_CAROLINA,2015,1465031,13146934,1589570,8172685,3384679,14060699,7960222,4082387,746694,698847,18565,116324,118617,117902,99258,945647,462874,1427086,243.7422668,281.3310911,225.8105909,253.2277676
2015_NORTH_DAKOTA,NORTH_DAKOTA,2015,106061,1644533,158373,942772,543388,1804762,825445,483984,110836,303053,2213,8929,8435,7735,7459,66827,30675,99715,244.7138306,288.2441472,224.6919844,263.2476586
2015_OHIO,OHIO,2015,1600222,24378660,1676820,10169760,12532080,22561728,11620080,7324444,922732,1750785,33118,124097,127995,131692,119952,1037775,521595,1592488,243.5985912,285.0619551,224.9304197,260.5945566
2015_OKLAHOMA,OKLAHOMA,2015,671715,6121188,688990,2993050,2439148,6184819,3000894,2041507,414086,663768,41660,53462,50354,48858,42088,409036,187118,637814,239.7604814,274.5859821,221.8305101,266.955323
2015_OREGON,OREGON,2015,570376,7111710,577106,3678001,2856603,7011609,3650855,2272382,249968,477516,25902,41625,44558,43067,48735,353184,181598,550272,237.7467089,282.8148994,220.22272,265.8792203
2015_PENNSYLVANIA,PENNSYLVANIA,2015,1589429,29967185,1857885,10532452,17576848,29690645,16058338,8196747,1050310,1663209,8201,120874,130671,131505,129921,1047793,540546,1596540,243.3122399,283.6684154,226.6707741,262.6731459
2015_RHODE_ISLAND,RHODE_ISLAND,2015,134574,2367068,184718,908963,1273387,2326473,1322055,792525,90209,50889,2450,9897,10900,10945,10752,86796,42871,132117,238.0017297,281.4452196,225.4855367,267.6705197
2015_SOUTH_CAROLINA,SOUTH_CAROLINA,2015,737401,8759944,836137,4094766,3829041,8783362,4123140,2893109,447019,928112,24654,55389,57740,56150,46909,462710,220780,708144,237.0895715,275.8278662,217.9696765,268.7461208
2015_SOUTH_DAKOTA,SOUTH_DAKOTA,2015,132836,1415149,206853,425614,782682,1464781,709363,426257,70128,222592,3112,11552,10460,9549,8616,82347,37242,122701,239.7230949,284.6414057,220.4695246,265.0508578
2015_TENNESSEE,TENNESSEE,2015,994530,9455920,1122775,4385403,3947742,9562527,5343272,2862499,560697,553396,30352,74240,76904,73899,68585,604802,291841,926995,240.6673957,278.2033807,218.6132644,260.3314228
2015_TEXAS,TEXAS,2015,5004866,55582029,5830972,20967429,28783628,56255791,26745844,15145619,2783770,6765205,243496,376824,397085,386627,323708,3188705,1492452,4924653,244.002472,283.7935403,217.942913,267.079865
2015_UTAH,UTAH,2015,573913,4705084,400213,2487937,1816934,4537962,2367650,1166728,271400,606254,13838,48293,50918,47904,43828,401436,184303,599577,242.5627871,286.1169112,226.1430749,264.771229
2015_VERMONT,VERMONT,2015,85184,1996795,105333,1546600,344862,1969415,983532,566649,61871,58856,7279,5863,5975,6173,6271,48722,26002,82003,243.2503992,290.3551912,230.0986166,260.655136
2015_VIRGINIA,VIRGINIA,2015,1279867,15857524,1012205,6240349,8604970,16113212,8755896,5075509,627473,1086722,33453,90942,96851,95221,90391,772414,386781,1192648,246.6126217,287.7092987,228.971255,269.4306647
2015_WASHINGTON,WASHINGTON,2015,1072359,13709442,1036422,8293812,4379208,13630138,6508964,4510672,546926,1601069,13733,79692,82404,79483,89258,656797,336808,1007338,244.9814222,286.5131076,225.8928891,273.9618314
2015_WEST_VIRGINIA,WEST_VIRGINIA,2015,279565,3478401,362959,1979466,1135976,3466981,1819903,1161944,233836,232738,15077,20163,19814,20426,18432,162070,80142,257289,235.2046615,271.4507088,216.2532879,266.8360535
2015_WISCONSIN,WISCONSIN,2015,861813,11637376,814385,5869265,4953726,11553677,5723474,3691809,513402,894823,55907,58078,60999,61084,66253,489919,263896,809722,243.3102113,289.0777492,223.3563555,267.2508807
2015_WYOMING,WYOMING,2015,93867,1962874,120290,1116917,725667,1942406,895910,565489,52520,409425,509,7841,7551,6902,6299,59453,26914,86876,246.7597645,286.6665471,228.1608028,260.1852726